time,1,5,10,13,20,40,60,80,100,120,140,180,300,500
01/01,24.714762,24.85154,24.849287,25.046667,24.684546,24.348572,23.234,21.58909,19.20091,16.515,14.568695,12.260909,9.638095,7.4059095
01/02,24.738094,24.87077,24.868572,25.051666,24.70409,24.315237,23.2195,21.556364,19.081364,16.498182,14.644348,12.234091,9.649524,7.4150004
01/03,24.769049,24.883846,24.893572,25.073334,24.73,24.351904,23.25,21.653637,19.15909,16.486818,14.524783,12.217273,9.642858,7.4
01/04,24.83,24.941538,24.943571,25.118332,24.78318,24.38143,23.213501,21.540909,19.077726,16.408182,14.548261,12.240909,9.648095,7.402727
01/05,24.862381,24.993845,24.991428,25.168333,24.836365,24.427141,23.2765,21.554546,19.101818,16.50818,14.569566,12.182273,9.648095,7.407273
01/06,24.89,25.013845,25.009287,25.183334,24.865002,24.430002,23.1935,21.453636,19.028181,16.395908,14.520434,12.206364,9.630476,7.399545
01/07,24.934286,25.075386,25.065,25.221666,24.904547,24.476667,23.2985,21.497272,19.006819,16.456818,14.5560875,12.176364,9.639048,7.399091
01/08,25.021362,25.128462,25.107143,25.26,24.931364,24.522383,23.262,21.420454,19.045,16.41091,14.543478,12.211364,9.615238,7.3904543
01/09,25.062727,25.185385,25.149286,25.275,24.95909,24.519049,23.274,21.422274,18.913181,16.339546,14.508697,12.126819,9.613334,7.4009094
01/10,25.040476,25.243076,25.214285,25.301666,25.0,24.568094,23.3,21.538637,19.112272,16.481363,14.540001,12.157727,9.635238,7.3740907
01/11,25.079046,25.27,25.249285,25.346666,25.039091,24.572859,23.2955,21.521818,19.023638,16.35909,14.503913,12.173182,9.607618,7.387273
01/12,25.122858,25.286154,25.269285,25.386667,25.07091,24.562857,23.272999,21.55409,19.040453,16.360455,14.540001,12.095908,9.613334,7.3981814
01/13,25.155716,25.32,25.297144,25.406668,25.124544,24.626669,23.325,21.63318,19.169546,16.462727,14.473043,12.149091,9.637619,7.3863635
01/14,25.189999,25.358461,25.342144,25.448334,25.181818,24.636667,23.2565,21.514091,18.984545,16.353182,14.499565,12.148182,9.608095,7.406818
01/15,25.229048,25.38846,25.363571,25.466667,25.22091,24.667143,23.325,21.627272,19.193636,16.457273,14.506521,12.128182,9.628096,7.397273
01/16,25.274286,25.448463,25.428572,25.508333,25.263636,24.699524,23.3155,21.566362,19.059546,16.382273,14.459999,12.139091,9.620952,7.406364
01/17,25.30857,25.471539,25.449286,25.528334,25.308636,24.665237,23.286,21.611364,19.06091,16.399092,14.508697,12.157727,9.602381,7.390909
01/18,25.325716,25.481539,25.465714,25.550001,25.332273,24.729048,23.3135,21.622272,19.174545,16.423182,14.472609,12.137272,9.619524,7.433636
01/19,25.38381,25.523846,25.505713,25.546667,25.368635,24.746666,23.280499,21.515001,18.975908,16.398638,14.468696,12.176364,9.627143,7.385
01/20,25.44143,25.543846,25.53143,25.541666,25.407274,24.757145,23.359,21.678637,19.180454,16.481363,14.538261,12.138183,9.61,7.4136367
01/21,25.474287,25.577694,25.554998,25.545,25.427727,24.769999,23.3135,21.522728,19.006819,16.344091,14.401739,12.179999,9.612381,7.4154544
01/22,25.531904,25.625385,25.599285,25.615,25.490002,24.850475,23.347,21.556818,19.187727,16.465,14.541819,12.186364,9.600476,7.4045453
01/23,25.594284,25.680769,25.655,25.699999,25.536818,24.845238,23.372,21.630455,19.187273,16.368637,14.466522,12.131364,9.581904,7.4059095
01/24,25.641903,25.739231,25.709286,25.779999,25.578636,24.873808,23.300999,21.614092,19.132858,16.435455,14.499565,12.176818,9.608571,7.406364
01/25,25.683332,25.77077,25.731428,25.800001,25.619091,24.962856,23.399,21.65,19.183334,16.539091,14.562609,12.108182,9.569524,7.3940907
01/26,25.72238,25.793077,25.76357,25.823334,25.644545,24.97857,23.3695,21.59591,19.132727,16.347273,14.475217,12.195454,9.584762,7.417619
01/27,25.734285,25.811537,25.787857,25.846666,25.713636,25.024763,23.36,21.603182,19.296818,16.615908,14.585455,12.167273,9.560476,7.3981814
01/28,25.779047,25.835386,25.806429,25.866667,25.718182,25.08381,23.449001,21.638636,19.228182,16.476364,14.498636,12.1618185,9.584762,7.413333
01/29,25.838095,25.883078,25.841429,25.881666,25.773638,25.078573,23.3675,21.490456,19.293182,16.55318,14.617727,12.202273,9.560476,7.4104757
01/30,25.854286,25.94077,25.89,25.918333,25.812273,25.122381,23.394001,21.638636,19.282272,16.541365,14.540909,12.177273,9.538571,7.4057145
01/31,25.871904,25.982307,25.915714,25.963333,25.848183,25.16238,23.444,21.573637,19.110909,16.521364,14.539545,12.203182,9.558095,7.404286
02/01,25.90524,26.004616,25.937857,25.985,25.884092,25.165237,23.393,21.576363,19.282272,16.596363,14.6,12.178181,9.534286,7.3966665
02/02,25.946667,26.047691,25.966429,26.016668,25.921364,25.259048,23.4385,21.645,19.195454,16.533182,14.540909,12.193637,9.514762,7.392857
02/03,25.991905,26.079231,26.001429,26.045,25.950457,25.288095,23.452,21.56,19.196817,16.613636,14.557273,12.205454,9.544762,7.382857
02/04,26.046665,26.131538,26.051537,26.088333,26.005,25.305714,23.439,21.626818,19.242857,16.55409,14.553636,12.201364,9.518095,7.3757143
02/05,26.074286,26.191538,26.108461,26.154999,26.025,25.38381,23.4525,21.584349,19.18591,16.535,14.496818,12.166818,9.518095,7.376667
02/06,26.123335,26.234615,26.214617,26.193335,26.08091,25.343807,23.429,21.59591,19.244091,16.586819,14.576818,12.231818,9.539524,7.3752384
02/07,26.165237,26.257692,26.246922,26.235,26.129545,25.439047,23.4265,21.611364,19.128635,16.446817,14.490909,12.143637,9.526667,7.377619
02/08,26.2,26.283077,26.267693,26.24,26.142273,25.427618,23.4075,21.586363,19.071817,16.527273,14.486817,12.171818,9.508572,7.3714285
02/09,26.218573,26.308462,26.296154,26.276667,26.190454,25.443333,23.474,21.552273,19.055,16.54409,14.46091,12.199546,9.532381,7.376667
02/10,26.266666,26.33846,26.333076,26.293333,26.21,25.49,23.4275,21.498636,19.062273,16.413181,14.476818,12.182273,9.521904,7.370952
02/11,26.28619,26.356153,26.35154,26.321665,26.225908,25.480478,23.447,21.527273,18.913181,16.403181,14.414545,12.199545,9.5199995,7.377619
02/12,26.310001,26.393076,26.393847,26.340002,26.27,25.514286,23.465,21.44591,18.98,16.42909,14.468182,12.210455,9.534286,7.3609524
02/13,26.36143,26.425385,26.454617,26.365,26.334545,25.568571,23.508999,21.485455,18.987272,16.392273,14.494091,12.228637,9.510476,7.3857145
02/14,26.389048,26.474617,26.496155,26.415,26.372728,25.51238,23.43,21.516817,18.950455,16.404545,14.489091,12.210455,9.516667,7.362381
02/15,26.437618,26.517693,26.544615,26.455,26.407726,25.530478,23.4395,21.436363,18.982382,16.422274,14.496818,12.186817,9.519048,7.368095
02/16,26.475237,26.56,26.592308,26.471666,26.431906,25.541904,23.405499,21.463636,19.058182,16.354546,14.467273,12.2131815,9.525715,7.3857145
02/17,26.483334,26.58846,26.62077,26.5,26.46143,25.530478,23.413,21.516365,19.044762,16.48182,14.528182,12.2,9.504763,7.35619
02/18,26.49524,26.604614,26.666155,26.521667,26.483183,25.519049,23.401,21.479546,18.93,16.302727,14.44,12.198181,9.507619,7.378095
02/19,26.534286,26.62077,26.686153,26.523333,26.511818,25.595238,23.3515,21.531818,19.115908,16.481363,14.526818,12.221363,9.530952,7.3690476
02/20,26.567144,26.643078,26.695385,26.550001,26.547728,25.571428,23.441,21.46591,18.908636,16.38318,14.538636,12.227728,9.504763,7.3580956
02/21,26.592857,26.670769,26.732307,26.58,26.585,25.63143,23.365,21.46591,18.992271,16.321817,14.534546,12.2245455,9.532381,7.3757143
02/22,26.62095,26.694614,26.766153,26.61,26.631365,25.612858,23.4095,21.44409,19.06591,16.457273,14.526363,12.253635,9.507143,7.3590474
02/23,26.636667,26.712309,26.78077,26.64,26.640455,25.72476,23.4315,21.434546,18.913637,16.316362,14.605908,12.236817,9.521904,7.379048
02/24,26.689047,26.746155,26.815386,26.701668,26.676819,25.701427,23.388,21.440454,19.00818,16.362728,14.562728,12.248636,9.545713,7.37381
02/25,26.731428,26.763075,26.833076,26.723333,26.704546,25.738571,23.432499,21.369091,18.99476,16.372728,14.6277275,12.265,9.508571,7.37619
02/26,26.729048,26.776924,26.862307,26.771667,26.713636,25.726667,23.48,21.501364,18.952726,16.210476,14.535,12.230454,9.559048,7.3799996
02/27,26.789524,26.807692,26.885,26.801666,26.756365,25.784285,23.4395,21.363636,18.958635,16.354763,14.557727,12.28,9.510952,7.3752384
02/28,26.804764,26.84769,26.923332,26.836668,26.776365,25.841427,23.4865,21.543182,19.042273,16.310001,14.528182,12.21,9.545238,7.3857145
02/29,26.744,26.9575,26.905,26.99,26.817999,26.093332,23.678335,21.672,19.288332,16.74,14.9279995,12.48,9.418334,7.3349996
03/01,26.869047,26.88923,26.9525,26.861666,26.805908,25.871428,23.4025,21.393637,18.96591,16.277618,14.584091,12.282272,9.547619,7.392857
03/02,26.868093,26.917692,26.987501,26.915,26.842726,25.917143,23.571001,21.484545,19.100908,16.261429,14.5,12.198182,9.531904,7.372857
03/03,26.926668,26.973846,27.0625,26.986666,26.895454,25.929049,23.487,21.377728,18.975908,16.300001,14.552273,12.272727,9.556666,7.382857
03/04,26.983334,27.043846,27.116667,27.033333,26.938183,26.017618,23.5605,21.479546,19.105,16.29619,14.510455,12.190909,9.542857,7.384762
03/05,26.992855,27.087694,27.161667,27.073334,26.975456,26.03857,23.533,21.39409,18.981363,16.273333,14.521819,12.220455,9.536667,7.377143
03/06,27.02857,27.11154,27.181665,27.118332,27.005455,26.059525,23.6055,21.426363,19.003637,16.294762,14.489091,12.226818,9.548095,7.365238
03/07,27.05381,27.155384,27.210833,27.178335,27.03,26.121428,23.539501,21.44091,19.05591,16.282858,14.472274,12.203182,9.538571,7.3861904
03/08,27.100456,27.175001,27.260908,27.198334,27.063334,26.098421,23.6065,21.496363,18.98619,16.344,14.540952,12.215714,9.530001,7.3599997
03/09,27.168182,27.255,27.280832,27.233332,27.1255,26.153683,23.5755,21.395,19.05143,16.3645,14.515715,12.25238,9.513,7.364
03/10,27.181738,27.232307,27.25077,27.286667,27.126818,26.1755,23.564762,21.433043,18.987728,16.26381,14.509545,12.146819,9.534286,7.3804765
03/11,27.212173,27.264616,27.275383,27.331667,27.15409,26.1725,23.61143,21.34087,18.882273,16.208572,14.45,12.205454,9.515239,7.342381
03/12,27.22,27.287691,27.31,27.4,27.185911,26.245,23.599049,21.364347,18.997272,16.361904,14.520455,12.157272,9.549523,7.3795238
03/13,27.24913,27.307692,27.327694,27.441666,27.218636,26.3505,23.739048,21.384348,18.913637,16.141905,14.362273,12.157727,9.516191,7.372381
03/14,27.278694,27.336153,27.343077,27.463333,27.234545,26.288,23.740952,21.352175,18.855455,16.25,14.521363,12.127273,9.549047,7.3590474
03/15,27.303041,27.363077,27.373077,27.49,27.274092,26.353,23.738094,21.378695,18.970455,16.296667,14.395455,12.099091,9.538095,7.377143
03/16,27.322172,27.366922,27.380001,27.501665,27.290455,26.449,23.823809,21.394348,18.78,16.16476,14.396363,12.146363,9.5561905,7.3814282
03/17,27.334784,27.37154,27.383078,27.503334,27.29682,26.432001,23.882858,21.407825,18.833635,16.28143,14.482273,12.094091,9.543333,7.3776193
03/18,27.342726,27.358332,27.3675,27.473999,27.29095,26.585262,23.9485,21.427727,18.917143,16.2575,14.341429,12.113334,9.54,7.373
03/19,27.36522,27.434614,27.44,27.498001,27.333635,26.567999,23.91238,21.470434,18.864092,16.224285,14.471818,12.157727,9.5523815,7.3866663
03/20,27.38478,27.44923,27.463846,27.508,27.34909,26.672,23.89238,21.369999,18.81909,16.26619,14.436364,12.106363,9.563809,7.3804765
03/21,27.38435,27.462309,27.483076,27.538,27.37409,26.706,23.952381,21.46261,18.85682,16.296667,14.473637,12.175909,9.545238,7.3995237
03/22,27.42174,27.474617,27.491537,27.522,27.368093,26.6995,24.015715,21.50261,18.898638,16.342857,14.586364,12.123636,9.576818,7.396818
03/23,27.423914,27.492308,27.507692,27.508,27.378096,26.755,24.038095,21.39652,18.773182,16.23619,14.45409,12.153637,9.567727,7.420909
03/24,27.433912,27.503078,27.531538,27.528,27.392857,26.798,24.077143,21.485653,18.916819,16.393333,14.573181,12.2186365,9.553636,7.396818
03/25,27.442173,27.51,27.545383,27.55,27.400478,26.766,24.047619,21.496523,18.878635,16.285715,14.523182,12.131818,9.575,7.4036365
03/26,27.453913,27.515385,27.557692,27.556,27.415237,26.7815,24.1,21.593477,18.892273,16.467142,14.607727,12.210455,9.583636,7.414091
03/27,27.471306,27.53077,27.58,27.558002,27.431906,26.848001,24.097618,21.573479,18.94591,16.369524,14.517273,12.1845455,9.558182,7.3954544
03/28,27.475218,27.532307,27.59154,27.551998,27.442856,26.9375,24.125715,21.67,18.978182,16.402382,14.587274,12.177273,9.579545,7.405
03/29,27.471306,27.533077,27.587694,27.536,27.44143,26.928,24.170952,21.60087,18.918636,16.407143,14.525909,12.189546,9.556364,7.3959093
03/30,27.459131,27.533077,27.586924,27.529999,27.437143,26.964,24.137142,21.73,18.994545,16.35,14.510455,12.181363,9.579091,7.4054546
03/31,27.438261,27.506924,27.566923,27.5,27.417143,27.018,24.2915,21.552608,18.927727,16.406668,14.612273,12.1618185,9.576364,7.402273
04/01,27.44,27.512308,27.575386,27.486002,27.414762,26.970499,24.115,21.67261,18.99182,16.36143,14.569091,12.178636,9.55,7.3959093
04/02,27.449999,27.526154,27.584616,27.496002,27.420477,27.086498,24.210001,21.732609,19.012728,16.35381,14.519546,12.210455,9.581819,7.414091
04/03,27.45174,27.52769,27.580769,27.504002,27.411905,27.0155,24.187,21.540869,18.968184,16.371904,14.567727,12.171818,9.550909,7.386818
04/04,27.443914,27.536154,27.582308,27.512,27.42,27.102499,24.2715,21.731739,19.071817,16.429049,14.537273,12.203637,9.572727,7.4100003
04/05,27.434347,27.527693,27.57077,27.466667,27.414762,27.1,24.189999,21.686087,19.007273,16.325714,14.561364,12.211364,9.556363,7.404091
04/06,27.428696,27.523846,27.556154,27.446665,27.406193,27.1215,24.1805,21.64087,19.02909,16.365238,14.556363,12.197727,9.554091,7.3977275
04/07,27.433044,27.535383,27.564615,27.46,27.410477,27.123001,24.334,21.769564,19.039091,16.351906,14.552728,12.211819,9.567272,7.4109087
04/08,27.432728,27.536924,27.566923,27.493332,27.41,27.125,24.259998,21.644781,19.017273,16.268637,14.502273,12.176819,9.552728,7.3940907
04/09,27.425453,27.445833,27.57846,27.5,27.401428,27.1185,24.3465,21.761305,19.101818,16.435238,14.534546,12.202273,9.567272,7.404091
04/10,27.425909,27.435,27.569231,27.471666,27.397617,27.130001,24.427,21.780436,19.074091,16.36143,14.480454,12.164545,9.564091,7.3831816
04/11,27.421364,27.4275,27.57,27.461668,27.391428,27.138422,24.304737,21.733913,19.157728,16.431429,14.551819,12.165909,9.574091,7.407273
04/12,27.406818,27.42,27.558462,27.441666,27.380476,27.102633,24.383999,21.73,19.091818,16.450476,14.525,12.165909,9.550909,7.3863635
04/13,27.44762,27.504545,27.637499,27.435,27.4165,27.125263,24.53263,21.687273,19.025238,16.3605,14.462857,12.133333,9.577143,7.407143
04/14,27.41318,27.4375,27.554615,27.341429,27.385714,27.1415,24.393,21.693913,19.135908,16.45381,14.554091,12.1563635,9.554545,7.3954544
04/15,27.397728,27.426666,27.547691,27.345715,27.376192,27.132502,24.439,21.782173,19.062273,16.47762,14.543182,12.178183,9.553182,7.3904543
04/16,27.377272,27.402502,27.515385,27.337143,27.354763,27.1115,24.452,21.719131,19.104092,16.393808,14.485909,12.155,9.56,7.4100003
04/17,27.374544,27.388334,27.493076,27.320002,27.345715,27.1265,24.4725,21.783478,19.05591,16.473333,14.560909,12.152273,9.553637,7.411818
04/18,27.345453,27.354166,27.464617,27.291428,27.327143,27.1165,24.641499,21.8,19.100454,16.404285,14.504999,12.188183,9.557728,7.3795457
04/19,27.335455,27.331667,27.436922,27.264286,27.313334,27.102,24.557499,21.746956,19.033636,16.346666,14.55,12.147272,9.544545,7.4077272
04/20,27.349998,27.338182,27.450834,27.271427,27.3245,27.12,24.703157,21.84,19.14619,16.485,14.519524,12.217728,9.57381,7.387619
04/21,27.328636,27.325834,27.430769,27.275713,27.304764,27.139048,24.8055,21.828695,19.083181,16.395714,14.539545,12.185652,9.527273,7.4086366
04/22,27.301819,27.310835,27.409231,27.267141,27.293331,27.124285,24.869,21.845654,19.149092,16.454762,14.595455,12.240435,9.561818,7.3886366
04/23,27.296364,27.309166,27.397694,27.254286,27.281427,27.156193,24.918,21.886087,19.159546,16.574762,14.606363,12.245652,9.537273,7.3954544
04/24,27.286364,27.2975,27.383846,27.22143,27.272856,27.14,24.982,21.944347,19.215454,16.485239,14.625909,12.274783,9.5654545,7.418571
04/25,27.291363,27.298334,27.383846,27.199999,27.268095,27.16,25.012,21.90913,19.202726,16.578096,14.636364,12.291305,9.56,7.401905
04/26,27.279547,27.291666,27.369999,27.192858,27.259048,27.163334,25.058,21.966955,19.320454,16.59238,14.672273,12.3060875,9.556364,7.41381
04/27,27.267729,27.284166,27.354614,27.18857,27.24857,27.148094,25.312,22.084349,19.353636,16.740475,14.740455,12.287826,9.585455,7.4066663
04/28,27.268635,27.279167,27.346153,27.182858,27.239048,27.130953,25.275501,21.943913,19.169546,16.597143,14.668636,12.3,9.565909,7.418095
04/29,27.258636,27.26909,27.33769,27.185715,27.238094,27.149048,25.3155,22.116957,19.563637,16.84476,14.830909,12.3460865,9.570001,7.41381
04/30,27.24273,27.254545,27.326923,27.177143,27.22619,27.128572,25.463001,22.024782,19.347727,16.708096,14.689091,12.308696,9.568182,7.404762
05/01,27.232271,27.237272,27.303078,27.167143,27.220476,27.128572,25.4205,22.158262,19.535,16.841429,14.843182,12.372609,9.566363,7.4052377
05/02,27.215454,27.216364,27.274616,27.152859,27.204762,27.12,25.5895,22.163044,19.468182,16.89619,14.8154545,12.384783,9.564546,7.407143
05/03,27.19091,27.200909,27.25,27.145716,27.180002,27.098572,25.534,22.198261,19.535,16.839046,14.8,12.378262,9.583333,7.4085717
05/04,27.165455,27.171667,27.218462,27.125715,27.161905,27.076189,25.648998,22.247828,19.616364,16.901428,14.885,12.436087,9.551905,7.418571
05/05,27.143635,27.163635,27.183077,27.095715,27.13238,27.067142,25.756,22.306086,19.533636,16.934286,14.857272,12.415216,9.602381,7.3942857
05/06,27.114546,27.15091,27.173847,27.09,27.108097,27.035715,25.689499,22.368694,19.78409,16.991903,14.899546,12.416819,9.599048,7.424762
05/07,27.087727,27.123634,27.151539,27.062857,27.08143,27.019522,25.87,22.423914,19.657728,16.971905,14.987273,12.455217,9.607618,7.3885717
05/08,27.061817,27.104546,27.119999,27.042858,27.05143,26.992382,25.8605,22.464348,19.68409,17.029049,14.916819,12.42,9.623333,7.424286
05/09,27.044544,27.096363,27.09769,27.029999,27.03381,26.982859,26.0185,22.607824,19.853182,17.093332,14.966364,12.47913,9.630476,7.4142857
05/10,27.031818,27.074547,27.084616,27.015715,27.018095,26.96857,25.869501,22.467827,19.709091,17.100475,14.98,12.434347,9.608095,7.412857
05/11,27.015453,27.06,27.067692,27.021427,27.002857,26.956665,26.092999,22.664347,19.90091,17.107143,15.016363,12.482174,9.66762,7.4219046
05/12,26.997728,27.046364,27.045383,27.017141,26.978094,26.929525,26.05,22.599133,19.791365,17.088095,14.955909,12.496522,9.598095,7.4152384
05/13,26.975,27.028181,27.037691,27.002857,26.978,26.923334,26.097141,22.729567,19.814547,17.068094,15.033182,12.464348,9.637619,7.43
05/14,26.946363,26.996363,27.011538,26.965714,26.932383,26.899525,26.18381,22.689564,19.851364,17.135239,15.000455,12.5199995,9.630476,7.4252377
05/15,26.916817,26.955456,26.981539,26.912857,26.903336,26.871904,26.108097,22.737825,19.895454,17.044762,15.055454,12.482609,9.625238,7.4342856
05/16,26.901365,26.937273,26.96923,26.894285,26.882856,26.839046,26.170954,22.86522,19.998182,17.266666,15.094091,12.516522,9.620476,7.429524
05/17,26.870909,26.905455,26.94,26.862856,26.858097,26.814285,26.206192,22.741304,19.959091,17.113333,15.014999,12.5343485,9.6323805,7.4280953
05/18,26.845453,26.868181,26.920769,26.827145,26.828573,26.785238,26.118093,22.869566,19.990456,17.215714,15.080454,12.45913,9.616667,7.452857
05/19,26.815454,26.835455,26.90231,26.788572,26.795715,26.746666,26.168095,22.972174,20.076363,17.230476,15.080909,12.52087,9.64,7.432857
05/20,26.796188,26.835001,26.911667,26.816666,26.773998,26.727,26.189499,22.88318,19.99619,17.2255,15.11238,12.506363,9.6485,7.439
05/21,26.748182,26.768183,26.83846,26.806665,26.719046,26.688501,26.21143,23.015217,20.11682,17.320477,15.125455,12.499545,9.640953,7.46381
05/22,26.711365,26.731817,26.811537,26.791666,26.68381,26.635239,26.235714,23.043478,20.138636,17.261906,15.156818,12.555909,9.677619,7.439048
05/23,26.672272,26.69,26.768461,26.768333,26.648094,26.60762,26.256191,23.066088,19.965454,17.347143,15.192273,12.488181,9.637143,7.4595237
05/24,26.635454,26.645454,26.728462,26.736666,26.607143,26.576666,26.23762,23.058695,20.157272,17.35238,15.169546,12.531818,9.67238,7.465238
05/25,26.596363,26.603638,26.694614,26.699999,26.560476,26.527143,26.250477,23.102608,20.025454,17.382381,15.202273,12.535,9.659524,7.455238
05/26,26.571363,26.619165,26.680769,26.676666,26.533335,26.50143,26.234285,23.146086,20.09,17.377142,15.181363,12.471363,9.655714,7.47
05/27,26.529547,26.58,26.64846,26.643333,26.489525,26.46381,26.156666,23.170435,20.153181,17.392857,15.209546,12.529092,9.666667,7.4585714
05/28,26.495455,26.551666,26.62923,26.606667,26.453335,26.43381,26.136667,23.14913,20.026365,17.357143,15.189091,12.494091,9.666191,7.460476
05/29,26.486818,26.529999,26.606924,26.574999,26.438572,26.411428,26.102383,23.091303,20.160454,17.370476,15.183182,12.444546,9.651905,7.458095
05/30,26.453636,26.486666,26.567692,26.555,26.39381,26.377142,26.146667,23.22826,20.087273,17.454287,15.242727,12.548636,9.684762,7.4666667
05/31,26.413635,26.441666,26.524616,26.553335,26.358097,26.35286,26.096191,23.213476,20.056364,17.315714,15.226818,12.478181,9.674286,7.4566665
06/01,26.381365,26.417501,26.497692,26.526667,26.338095,26.329523,26.088572,23.263477,20.149546,17.32762,15.154545,12.530456,9.685238,7.4585714
06/02,26.339092,26.368334,26.462309,26.481667,26.297142,26.296188,26.065237,23.281738,20.084545,17.359524,15.193637,12.53909,9.662381,7.449524
06/03,26.315454,26.3375,26.438463,26.426666,26.27524,26.265238,26.019522,23.333477,20.023182,17.25762,15.145,12.516363,9.694761,7.4684997
06/04,26.29591,26.315834,26.42154,26.391668,26.25238,26.23619,26.045238,23.401304,20.085909,17.32381,15.1904545,12.547727,9.674762,7.467
06/05,26.259998,26.268333,26.384615,26.355001,26.214762,26.209524,25.996666,23.345217,19.991364,17.19619,15.113636,12.517273,9.7,7.4655
06/06,26.223635,26.236666,26.355385,26.32,26.182383,26.180475,25.970953,23.378696,20.067726,17.249523,15.150909,12.551364,9.702857,7.475
06/07,26.187273,26.196665,26.314615,26.276667,26.139523,26.140476,25.936666,23.324783,19.88,17.258572,15.068182,12.485001,9.710476,7.463
06/08,26.173334,26.164167,26.284616,26.228333,26.118093,26.102856,25.91619,23.42087,19.961363,17.210001,15.171363,12.520455,9.6938095,7.46
06/09,26.146,26.113333,26.233332,26.185,26.0845,26.0745,25.896,23.412727,19.940475,17.230476,15.162381,12.535714,9.724501,7.4805264
06/10,26.104763,26.061537,26.170832,26.118572,26.04,26.032858,25.896667,23.334784,19.907272,17.193636,15.111364,12.464545,9.699048,7.449
06/11,26.066816,26.023075,26.116154,26.076666,26.008095,26.0,25.859524,23.388697,19.945454,17.128181,15.053636,12.554999,9.732381,7.4870005
06/12,26.021818,25.987692,26.065386,26.022858,25.964285,25.974764,25.810476,23.366522,19.83091,17.15909,15.060909,12.536363,9.71,7.479
06/13,25.990908,25.95923,26.038462,25.985714,25.936666,25.938572,25.787144,23.311739,19.896818,17.20409,15.038636,12.487273,9.707619,7.46
06/14,25.993332,25.942308,26.023075,25.988571,25.938,25.933498,25.7435,23.201818,19.774761,17.031904,14.942381,12.523333,9.7409525,7.5063157
06/15,25.957727,25.913076,25.985714,25.98,25.901905,25.899525,25.752857,23.27174,19.875456,17.076668,15.037273,12.484546,9.690909,7.474
06/16,25.951818,25.903847,25.975,25.95875,25.892857,25.87,25.746666,23.217392,19.883636,17.022858,15.037726,12.514999,9.736363,7.4900002
06/17,25.926363,25.880001,25.954285,25.95875,25.873335,25.849998,25.730951,23.345217,20.01,17.10238,15.107727,12.484091,9.706364,7.4830003
06/18,25.891363,25.867693,25.934284,25.991428,25.837143,25.831903,25.689524,23.184347,19.795454,17.00762,14.965,12.49591,9.710909,7.4760003
06/19,25.87,25.858461,25.91857,26.005713,25.819998,25.821428,25.629522,23.300869,20.000908,17.145237,15.026364,12.514091,9.715455,7.4855003
06/20,25.845001,25.83154,25.899286,26.007143,25.8,25.80143,25.631907,23.297825,19.800001,17.01619,14.992727,12.459047,9.725455,7.4919996
06/21,25.835455,25.802307,25.811537,25.987143,25.791904,25.773333,25.605713,23.209131,19.782272,16.940475,14.984546,12.485001,9.709545,7.4760003
06/22,25.846191,25.778461,25.789232,25.945713,25.775713,25.75476,25.575716,23.210001,19.982727,17.077143,15.036363,12.522272,9.733182,7.486
06/23,25.792727,25.751537,25.77077,25.895716,25.750477,25.725237,25.570951,23.256956,19.863636,16.967619,14.975909,12.45409,9.74091,7.4644995
06/24,25.765001,25.71923,25.737692,25.864286,25.724287,25.693333,25.507618,23.158262,19.773636,17.08524,15.050454,12.503809,9.708636,7.4919996
06/25,25.772856,25.678463,25.691538,25.865713,25.701427,25.66857,25.513334,23.299131,19.978182,16.977142,14.976364,12.471818,9.734091,7.4824996
06/26,25.715454,25.663076,25.67,25.855715,25.7005,25.636667,25.468573,23.329565,19.968182,17.063334,15.054999,12.527273,9.735455,7.4769998
06/27,25.693636,25.640001,25.616428,25.83143,25.679998,25.60381,25.453335,23.258696,20.001364,17.069523,15.081364,12.514091,9.715,7.4690003
06/28,25.660456,25.60154,25.52,25.77,25.657501,25.563334,25.414762,23.307827,19.977272,16.942856,15.017728,12.498181,9.710455,7.481
06/29,25.641817,25.574615,25.487692,25.724287,25.6345,25.545715,25.390476,23.385218,19.997272,17.130953,15.146363,12.538181,9.708636,7.4695
06/30,25.613636,25.555386,25.449167,25.70143,25.609,25.519049,25.35524,23.345217,19.89091,17.069523,15.066363,12.543636,9.706364,7.4585
07/01,25.611904,25.525383,25.416666,25.664286,25.585001,25.496666,25.341904,23.434782,20.072727,17.112381,15.131363,12.562728,9.695,7.4760003
07/02,25.569525,25.496922,25.391668,25.608572,25.5695,25.469522,25.304764,23.513914,20.039091,17.126667,15.194546,12.618182,9.701818,7.4745
07/03,25.511818,25.446154,25.355833,25.532856,25.5215,25.430475,25.29095,23.519566,20.112272,17.178572,15.191363,12.575455,9.690909,7.467
07/04,25.496819,25.428463,25.335833,25.527143,25.507,25.419523,25.277143,23.476522,20.131363,17.20143,15.229545,12.623181,9.702272,7.4625
07/05,25.45591,25.381538,25.286667,25.47143,25.4715,25.393333,25.24857,23.51174,20.096363,17.234285,15.300909,12.599091,9.718182,7.4675
07/06,25.425,25.348461,25.25,25.422857,25.437,25.352383,25.225237,23.533915,20.164091,17.246666,15.248181,12.616364,9.7131815,7.456
07/07,25.392729,25.322308,25.222498,25.367144,25.4035,25.33238,25.224287,23.58261,20.15909,17.240475,15.235909,12.605,9.727273,7.4769998
07/08,25.346668,25.2475,25.226667,25.213333,25.350527,25.282001,25.2,23.560455,20.200476,17.285,15.332857,12.636189,9.721905,7.446842
07/09,25.355455,25.303078,25.29077,25.302856,25.363499,25.29905,25.187143,23.596088,20.115908,17.262857,15.25,12.615,9.7245455,7.4855003
07/10,25.312727,25.258463,25.258461,25.242857,25.3235,25.25238,25.165237,23.631306,20.139091,17.33762,15.341818,12.644092,9.705,7.472
07/11,25.254545,25.182308,25.216923,25.147142,25.266,25.20905,25.13381,23.659565,20.286364,17.314285,15.247727,12.604545,9.720455,7.4775
07/12,25.21591,25.13923,25.16846,25.085714,25.227001,25.162857,25.069998,23.543913,20.185453,17.312857,15.297273,12.654092,9.715,7.4785004
07/13,25.194092,25.113077,25.14077,25.039999,25.1955,25.134287,25.039524,23.579565,20.39409,17.490952,15.370001,12.653637,9.687272,7.4765
07/14,25.174091,25.092308,25.125385,25.014286,25.177,25.121904,25.04,23.623913,20.362272,17.350952,15.27,12.601818,9.733636,7.4695
07/15,25.127619,25.037691,25.075386,24.929998,25.122,25.065237,25.009048,23.653479,20.369545,17.431906,15.370454,12.655456,9.704091,7.4865
07/16,25.084286,25.02077,25.036924,24.89,25.067999,25.018572,24.97619,23.574348,20.372272,17.397142,15.367272,12.610001,9.707273,7.4830003
07/17,25.036667,24.970768,24.99923,24.852858,25.0285,24.978094,24.936192,23.567825,20.43591,17.437618,15.369999,12.609091,9.710455,7.4605002
07/18,25.018095,24.94846,24.95923,24.855713,25.0065,24.95095,24.928095,23.735216,20.35909,17.477142,15.365455,12.660455,9.715,7.4800005
07/19,24.996819,24.926155,24.92,24.841429,24.9765,24.93381,24.895714,23.683477,20.433182,17.460953,15.356818,12.609546,9.683636,7.4835
07/20,24.971903,24.89846,24.910769,24.821428,24.960001,24.914286,24.865713,23.740002,20.479092,17.482859,15.374091,12.683637,9.698182,7.482
07/21,24.95,24.873844,24.874615,24.814285,24.944,24.886667,24.832857,23.643478,20.447727,17.537144,15.349091,12.637272,9.689091,7.481
07/22,24.913809,24.832308,24.819231,24.820002,24.9075,24.832,24.788095,23.794348,20.658636,17.539999,15.437272,12.67409,9.706364,7.4975
07/23,24.865713,24.782309,24.759169,24.771427,24.8665,24.79,24.7315,23.689545,20.447618,17.522501,15.363334,12.645238,9.679048,7.4742103
07/24,24.816668,24.731539,24.713333,24.71857,24.8245,24.76421,24.723,23.736364,20.664286,17.605,15.44619,12.629524,9.674762,7.488421
07/25,24.782274,24.693846,24.67,24.694286,24.770527,24.738947,24.670527,23.740475,20.515,17.555262,15.4285,12.5985,9.695238,7.488947
07/26,24.765001,24.692308,24.6625,24.687143,24.747894,24.712631,24.653158,23.606192,20.637,17.6525,15.475239,12.622381,9.687619,7.486316
07/27,24.743181,24.66154,24.6475,24.651428,24.725264,24.696842,24.633684,23.695454,20.585714,17.534,15.409999,12.604762,9.674286,7.4784207
07/28,24.704546,24.626923,24.603333,24.619999,24.694738,24.666843,24.6,23.660954,20.641,17.648422,15.4875,12.569,9.685238,7.5036836
07/29,24.69,24.613077,24.593332,24.582857,24.666842,24.649473,24.58158,23.712856,20.673,17.61421,15.513499,12.588096,9.698095,7.4736843
07/30,24.65909,24.59,24.580833,24.562857,24.642105,24.628422,24.543684,23.685238,20.7435,17.609,15.440953,12.591429,9.682857,7.481579
07/31,24.640476,24.570768,24.556665,24.552856,24.614737,24.59,24.523157,23.781904,20.774,17.651579,15.497999,12.5835,9.699524,7.498947
08/01,24.599998,24.539999,24.528334,24.501429,24.586842,24.562105,24.511501,23.802275,20.775715,17.605999,15.4619055,12.64,9.692858,7.470526
08/02,24.553637,24.49923,24.480833,24.448572,24.539474,24.526316,24.486315,23.732382,20.81619,17.633501,15.339047,12.622856,9.693334,7.51
08/03,24.538183,24.471539,24.466667,24.421429,24.52579,24.510527,24.48,23.789999,20.858501,17.619,15.483809,12.578096,9.688571,7.5
08/04,24.531818,24.44923,24.461668,24.397142,24.521051,24.496841,24.45842,23.675714,20.7,17.7695,15.49381,12.599047,9.716667,7.5052633
08/05,24.505238,24.426922,24.430834,24.374285,24.486315,24.472631,24.44579,23.678095,20.659,17.566,15.418571,12.631905,9.709524,7.5036845
08/06,24.47318,24.38923,24.395834,24.35857,24.45842,24.456842,24.412632,23.620909,20.670475,17.650501,15.4871435,12.545713,9.6976185,7.5078945
08/07,24.455456,24.394615,24.393333,24.394285,24.442633,24.44316,24.387367,23.55909,20.589046,17.5915,15.388095,12.609523,9.688572,7.4978952
08/08,24.410454,24.365,24.361666,24.397142,24.398422,24.423683,24.350527,23.555716,20.6735,17.592999,15.428095,12.627619,9.693334,7.500526
08/09,24.407001,24.377272,24.371819,24.415,24.397778,24.420555,24.316668,23.544285,20.682001,17.697895,15.4145,12.5375,9.719999,7.508889
08/10,24.390953,24.335833,24.344168,24.395716,24.371578,24.371578,24.284737,23.639545,20.679049,17.522999,15.31,12.647142,9.686191,7.4973683
08/11,24.365238,24.299229,24.299166,24.341429,24.353683,24.344736,24.260527,23.55318,20.58381,17.4485,15.347143,12.522381,9.693334,7.5052633
08/12,24.334763,24.27,24.263334,24.315714,24.327368,24.326841,24.22842,23.512274,20.640951,17.539,15.315238,12.5742855,9.706667,7.489474
08/13,24.308947,24.231667,24.220001,24.295715,24.303333,24.290556,24.181112,23.542381,20.439,17.321053,15.158999,12.535,9.671,7.4955554
08/14,24.297619,24.215384,24.209167,24.224287,24.29158,24.268421,24.196499,23.515907,20.530952,17.4815,15.3423815,12.571428,9.70381,7.5142107
08/15,24.261429,24.19077,24.168333,24.227142,24.25579,24.239473,24.147999,23.360455,20.338572,17.310001,15.085713,12.579524,9.687619,7.4842105
08/16,24.232859,24.163847,24.149168,24.174286,24.21737,24.206314,24.133999,23.42182,20.390476,17.3255,15.249523,12.549999,9.683809,7.5315795
08/17,24.189999,24.116922,24.103333,24.127142,24.167368,24.174738,24.102001,23.250908,20.237143,17.262,15.073334,12.593333,9.689524,7.49
08/18,24.144285,24.05077,24.022308,24.08,24.123158,24.119,24.039524,23.300434,20.310453,17.276667,15.034091,12.495454,9.693637,7.5055
08/19,24.105715,24.003078,23.98923,24.042858,24.104,24.092999,24.01238,23.322607,20.112272,17.138096,15.090454,12.54909,9.700953,7.5169997
08/20,24.07619,23.978462,23.956154,24.02,24.0785,24.063,23.991903,23.322607,20.296364,17.287619,15.033636,12.455454,9.730476,7.5099998
08/21,24.065237,23.966154,23.933077,24.018572,24.037369,24.05,23.979525,23.19348,20.118181,17.064285,15.014091,12.506818,9.724286,7.5095
08/22,24.055716,23.956923,23.926922,24.0,24.057,24.0315,23.947618,23.211304,20.200455,17.04619,14.987728,12.422273,9.736191,7.5215006
08/23,24.035715,23.935835,23.904615,23.974287,24.039,24.0075,23.92238,23.12348,20.146364,17.034286,14.921818,12.5027275,9.735714,7.4975
08/24,24.008,23.934614,23.89846,23.942858,23.981579,23.988,23.909048,23.048695,20.024546,17.047142,14.987273,12.425,9.733809,7.5225
08/25,23.9715,23.903076,23.86154,23.917143,23.948948,23.964,23.87381,22.902174,19.93409,16.939047,14.909091,12.439546,9.757619,7.5010004
08/26,23.945,23.87923,23.835384,23.89143,23.953999,23.9395,23.861904,22.966955,19.987272,16.918571,14.922273,12.472274,9.704286,7.528
08/27,23.932001,23.862307,23.811537,23.887142,23.9315,23.92,23.840475,22.897392,19.872272,16.893333,14.942727,12.457727,9.749047,7.5165
08/28,23.8935,23.823078,23.778461,23.867144,23.897,23.8875,23.79619,22.82087,19.821363,16.751905,14.8436365,12.453637,9.722381,7.5230002
08/29,23.855,23.78077,23.744616,23.805714,23.851,23.8485,23.787144,22.891739,19.883636,16.869999,14.981363,12.422273,9.75381,7.5394998
08/30,23.838001,23.786154,23.742308,23.805714,23.841501,23.812,23.724762,22.869566,19.823637,16.705715,14.837727,12.436364,9.734285,7.5255
08/31,23.8305,23.755384,23.714617,23.757143,23.8265,23.781,23.684286,22.92913,19.995909,16.89,14.843182,12.448181,9.744286,7.543
09/01,23.7965,23.712309,23.686922,23.581667,23.794,23.744999,23.662857,22.85,19.786364,16.789524,14.818637,12.384545,9.723333,7.5479994
09/02,23.775,23.692308,23.682308,23.513334,23.774,23.730999,23.632381,22.91,19.978636,16.686666,14.733182,12.390454,9.745714,7.523
09/03,23.736,23.654615,23.641539,23.458334,23.738499,23.6935,23.601906,22.86261,19.808638,16.750477,14.792273,12.37909,9.71381,7.5464997
09/04,23.7205,23.640768,23.622307,23.443335,23.7155,23.674,23.570951,22.78,19.90409,16.769999,14.696817,12.327273,9.733333,7.5415
09/05,23.692501,23.613077,23.606153,23.425001,23.694,23.6495,23.544762,22.747828,19.785,16.732859,14.721363,12.362273,9.742381,7.5614996
09/06,23.6755,23.599998,23.590769,23.396667,23.673,23.6405,23.513332,22.73,19.882729,16.655714,14.635455,12.304999,9.730476,7.5515
09/07,23.653,23.582308,23.567692,23.336668,23.647999,23.6345,23.529524,22.687391,19.786818,16.70762,14.660455,12.323636,9.721905,7.561
09/08,23.627499,23.553078,23.546154,23.32,23.627,23.6035,23.49619,22.636087,19.672274,16.652857,14.578182,12.253182,9.737143,7.5660005
09/09,23.605,23.553335,23.521538,23.281668,23.604,23.567501,23.450476,22.466955,19.726362,16.644285,14.605908,12.319091,9.712381,7.5375
09/10,23.5905,23.541666,23.515385,23.258333,23.5895,23.547,23.41,22.519566,19.625908,16.52,14.546363,12.258182,9.723333,7.5485
09/11,23.565237,23.570833,23.541538,23.308334,23.570951,23.505238,23.335909,22.425833,19.58,16.72091,14.605652,12.286086,9.709545,7.5276194
09/12,23.540476,23.550001,23.526154,23.318335,23.53619,23.464762,23.31,22.449999,19.507826,16.48409,14.559131,12.286522,9.707273,7.542381
09/13,23.513182,23.540833,23.51,23.315,23.51857,23.457619,23.327272,22.433477,19.491304,16.545454,14.546957,12.239566,9.715909,7.5119047
09/14,23.487143,23.519167,23.497692,23.308334,23.487143,23.433811,23.30818,22.344347,19.414349,16.592728,14.57826,12.256521,9.698182,7.5319047
09/15,23.449047,23.496666,23.47,23.261667,23.457619,23.409048,23.256819,22.427393,19.491304,16.523912,14.538696,12.26087,9.715909,7.5295234
09/16,23.427275,23.470833,23.44,23.216667,23.438095,23.390476,23.227728,22.203478,19.372608,16.55826,14.526957,12.22913,9.708182,7.515714
09/17,23.392273,23.43,23.400768,23.18,23.39619,23.371428,23.19591,22.37087,19.428696,16.53913,14.543478,12.260434,9.724091,7.516667
09/18,23.380476,23.403334,23.385386,23.191666,23.37381,23.346666,23.172728,22.310871,19.467392,16.549564,14.462609,12.216956,9.686818,7.5128574
09/19,23.378096,23.387499,23.375385,23.201668,23.36143,23.332857,23.206364,22.410435,19.367826,16.544348,14.567826,12.249131,9.712273,7.5133333
09/20,23.394285,23.417501,23.409231,23.181665,23.374285,23.33762,23.192726,22.338696,19.341305,16.477392,14.400869,12.188696,9.697272,7.4980955
09/21,23.395714,23.42,23.410769,23.178331,23.390476,23.3595,23.161818,22.35174,19.42087,16.56913,14.566087,12.268262,9.692727,7.5214286
09/22,23.366001,23.406668,23.38923,23.181665,23.3675,23.343157,23.180454,22.300001,19.297728,16.478636,14.55,12.189546,9.682381,7.4705
09/23,23.384762,23.446154,23.417858,23.173332,23.385239,23.364285,23.121819,22.186522,19.354347,16.535217,14.463914,12.2408695,9.687272,7.5214286
09/24,23.395714,23.435385,23.407856,23.171667,23.39762,23.358095,23.115456,22.305653,19.407825,16.543913,14.576522,12.225217,9.669091,7.482857
09/25,23.388096,23.410769,23.387144,23.161667,23.399048,23.363499,23.123182,22.085217,19.296955,16.56,14.5,12.241739,9.668181,7.490476
09/26,23.390476,23.42,23.392857,23.176666,23.402857,23.350952,23.162727,22.195217,19.414783,16.576086,14.495652,12.223913,9.674545,7.504762
09/27,23.3615,23.407692,23.383572,23.186666,23.40524,23.341904,23.196363,22.17087,19.279566,16.538696,14.56174,12.173913,9.679091,7.4866667
09/28,23.409525,23.403847,23.385,23.176666,23.412857,23.347,23.18,22.122173,19.406523,16.582172,14.476088,12.198696,9.679091,7.489048
09/29,23.435238,23.416155,23.398571,23.181665,23.430952,23.349,23.187727,22.211304,19.459131,16.570435,14.509565,12.187826,9.664545,7.4928575
09/30,23.434286,23.425385,23.407145,23.166666,23.436666,23.334286,23.19591,22.139132,19.356956,16.480434,14.482609,12.17,9.665455,7.4757147
10/01,23.460001,23.445385,23.434286,23.206667,23.45762,23.359524,23.223183,22.194347,19.461739,16.599566,14.493913,12.146522,9.670909,7.4928575
10/02,23.489048,23.445385,23.442142,23.241667,23.462381,23.358095,23.203636,22.15174,19.394348,16.547827,14.580869,12.230869,9.671818,7.4619045
10/03,23.491903,23.43,23.425714,23.206667,23.44381,23.358501,23.196363,22.191303,19.448637,16.565218,14.496956,12.12087,9.667727,7.494762
10/04,23.493334,23.432308,23.442142,23.251665,23.457144,23.369,23.18409,22.170435,19.497272,16.570435,14.546087,12.207391,9.671818,7.472857
10/05,23.467142,23.400002,23.419285,23.18,23.437618,23.3605,23.175453,22.139565,19.425453,16.529566,14.580435,12.150001,9.661364,7.4719048
10/06,23.465714,23.403847,23.427143,23.19,23.449524,23.365,23.164545,22.155218,19.543636,16.626522,14.53913,12.18087,9.644546,7.4680953
10/07,23.471428,23.417692,23.431429,23.185,23.459524,23.354286,23.222382,22.173044,19.51,16.633913,14.580435,12.221304,9.636818,7.469524
10/08,23.456192,23.396152,23.4,23.195,23.457144,23.3655,23.2305,22.131739,19.449999,16.507391,14.54087,12.166521,9.623181,7.4661903
10/09,23.455238,23.435385,23.432858,23.19,23.460476,23.36381,23.215714,22.11,19.583635,16.715652,14.64174,12.206957,9.613636,7.4733334
10/10,23.465714,23.451538,23.45143,23.188334,23.46857,23.363333,23.183811,22.073914,19.5,16.573044,14.576087,12.217827,9.615,7.4585714
10/11,23.467619,23.466154,23.460714,23.218332,23.48762,23.372501,23.190475,22.01261,19.416365,16.574347,14.540001,12.14,9.601818,7.4533334
10/12,23.46619,23.472307,23.456427,23.223333,23.480476,23.372,23.2175,22.164091,19.601429,16.686522,14.6721735,12.233913,9.619091,7.447619
10/13,23.468094,23.475384,23.458572,23.235,23.478096,23.3615,23.165237,21.985651,19.408636,16.519566,14.516087,12.129999,9.590455,7.44
10/14,23.453333,23.476925,23.45857,23.245,23.48091,23.369047,23.175714,21.943913,19.334545,16.583044,14.598695,12.23174,9.598637,7.45
10/15,23.452381,23.479229,23.455715,23.246666,23.47909,23.391905,23.143333,21.931738,19.260454,16.468262,14.573479,12.153479,9.611363,7.4280953
10/16,23.47857,23.505384,23.472141,23.273333,23.486818,23.37,23.153334,21.93261,19.227272,16.477825,14.562174,12.229566,9.595455,7.449048
10/17,23.49238,23.526154,23.490713,23.301666,23.50818,23.369524,23.126667,21.905218,19.166819,16.517826,14.606087,12.214348,9.605909,7.412857
10/18,23.519047,23.555386,23.521427,23.326666,23.52091,23.375238,23.119047,21.88652,19.115456,16.394783,14.4982605,12.181739,9.605,7.4338098
10/19,23.49,23.52769,23.498463,23.315,23.5,23.373,23.135,21.903637,19.234287,16.513636,14.689091,12.262727,9.609524,7.4019995
10/20,23.468094,23.506153,23.481539,23.315,23.488094,23.361,23.0985,21.800453,19.1,16.426363,14.525909,12.200455,9.585238,7.389
10/21,23.48143,23.518461,23.492308,23.340002,23.494286,23.395,23.099499,21.859545,19.153334,16.485455,14.640454,12.263183,9.620952,7.3845
10/22,23.489048,23.51923,23.49077,23.366667,23.497143,23.409,23.1095,21.805,19.18238,16.547274,14.631818,12.225454,9.601905,7.3919997
10/23,23.499523,23.533846,23.498463,23.363333,23.508572,23.4155,23.1245,21.83,19.011906,16.44591,14.570001,12.22,9.603809,7.4
10/24,23.517618,23.562307,23.525383,23.413332,23.527618,23.4175,23.109,21.801363,19.11143,16.506365,14.5654545,12.217728,9.621904,7.366
10/25,23.512857,23.563078,23.518461,23.415,23.521904,23.432499,23.157,21.963182,19.079048,16.519545,14.625,12.2813635,9.580953,7.4035006
10/26,23.515238,23.55154,23.51,23.411667,23.52381,23.4275,23.1075,21.81,19.055239,16.420454,14.568182,12.174545,9.578095,7.3725
10/27,23.518572,23.55154,23.516153,23.416666,23.52381,23.424,23.153,21.907272,19.122858,16.478636,14.560909,12.288181,9.599048,7.3995004
10/28,23.527618,23.548462,23.525,23.446669,23.53409,23.436192,23.115713,21.841364,19.075909,16.470871,14.536086,12.214348,9.569091,7.3976192
10/29,23.527618,23.55154,23.521427,23.451668,23.52591,23.425238,23.07238,21.714783,18.93,16.390436,14.516522,12.215218,9.616818,7.39381
10/30,23.535,23.558462,23.534286,23.470001,23.541428,23.4455,23.1495,21.745,19.181429,16.557274,14.5254545,12.25409,9.591429,7.39381
10/31,23.57238,23.58,23.562143,23.495,23.565714,23.45,23.147142,21.761305,18.885454,16.349566,14.510455,12.220435,9.572727,7.415909
11/01,23.567142,23.575386,23.562143,23.486666,23.572725,23.478096,23.107143,21.777391,19.036818,16.493479,14.484782,12.178695,9.607727,7.395
11/02,23.582382,23.593077,23.577143,23.506666,23.580456,23.457144,23.149048,21.684782,19.045,16.464348,14.500869,12.281739,9.600909,7.414545
11/03,23.594286,23.607693,23.592144,23.529999,23.596819,23.474285,23.149048,21.778696,19.010908,16.384348,14.506957,12.154782,9.613334,7.412273
11/04,23.557728,23.58154,23.579285,23.533333,23.564346,23.457619,23.140001,21.794348,19.1,16.421305,14.475217,12.22,9.614091,7.4045453
11/05,23.569092,23.572308,23.574286,23.525,23.585218,23.464762,23.14091,21.777826,19.158695,16.466955,14.5017395,12.244782,9.59,7.4147825
11/06,23.589092,23.586924,23.586428,23.508333,23.596956,23.495714,23.157728,21.811739,19.210434,16.385653,14.483913,12.183913,9.617272,7.4117393
11/07,23.611364,23.586153,23.597143,23.51,23.610434,23.4805,23.12,21.684347,19.16174,16.543913,14.5091305,12.245218,9.614091,7.4273915
11/08,23.611818,23.585384,23.597141,23.503334,23.609566,23.499048,23.130909,21.746956,19.141304,16.345217,14.446957,12.214783,9.616364,7.402174
11/09,23.613636,23.59154,23.606428,23.531668,23.61913,23.545713,23.136818,21.638697,19.072174,16.535217,14.548696,12.203913,9.617272,7.4295654
11/10,23.609999,23.607693,23.616428,23.550001,23.629564,23.545238,23.137728,21.616087,19.045218,16.411304,14.434347,12.18,9.611363,7.400435
11/11,23.61773,23.619999,23.62857,23.574999,23.638697,23.549524,23.137728,21.801739,19.146088,16.456087,14.58,12.249565,9.616818,7.4313045
11/12,23.611364,23.645384,23.645,23.578333,23.64,23.55762,23.125,21.566523,19.07739,16.428696,14.543478,12.167392,9.62909,7.4117393
11/13,23.626818,23.647692,23.65,23.601667,23.648695,23.567142,23.152273,21.62826,19.121738,16.457392,14.529565,12.2191305,9.633182,7.4373913
11/14,23.642273,23.662306,23.67,23.626665,23.66261,23.57762,23.12,21.713478,19.211306,16.460001,14.59,12.231738,9.594091,7.4104347
11/15,23.632727,23.657692,23.645,23.58,23.65652,23.560953,23.120909,21.777826,19.216087,16.470434,14.602608,12.170869,9.645,7.4313045
11/16,23.641363,23.664616,23.645,23.563334,23.66261,23.562857,23.089546,21.77,19.15913,16.442608,14.478261,12.243043,9.602273,7.4
11/17,23.654999,23.675385,23.662857,23.608332,23.677828,23.563334,23.06909,21.812174,19.343477,16.53739,14.632608,12.288261,9.628181,7.4191303
11/18,23.656364,23.68,23.655714,23.593332,23.67913,23.589523,23.100454,21.742174,19.148697,16.41826,14.551304,12.169565,9.612727,7.4156523
11/19,23.668182,23.69077,23.682858,23.635,23.701305,23.582857,23.078182,21.729565,19.280436,16.460434,14.536522,12.256521,9.620454,7.4047823
11/20,23.667727,23.69846,23.695002,23.633333,23.70174,23.594286,23.100908,21.81909,19.364092,16.496523,14.623043,12.189565,9.623182,7.4191303
11/21,23.675453,23.707693,23.705715,23.636667,23.705215,23.618095,23.098183,21.725454,19.203636,16.393478,14.569566,12.1865225,9.625,7.417392
11/22,23.696363,23.728462,23.725,23.648333,23.71652,23.605238,23.119091,21.753044,19.221739,16.387827,14.532609,12.259565,9.611363,7.4047823
11/23,23.72091,23.763079,23.755713,23.675001,23.740437,23.639048,23.060453,21.793182,19.296818,16.472609,14.556956,12.182174,9.617272,7.4243474
11/24,23.73,23.782309,23.776428,23.693335,23.755217,23.664,23.116364,21.737728,19.081364,16.293913,14.533044,12.296087,9.611363,7.4108696
11/25,23.757275,23.795383,23.788572,23.71,23.782608,23.6765,23.098635,21.770454,19.323044,16.44,14.577392,12.202173,9.612273,7.406087
11/26,23.788635,23.83154,23.824286,23.75,23.810871,23.6775,23.115,21.807274,19.197273,16.35087,14.544348,12.2156515,9.637273,7.422174
11/27,23.812382,23.843845,23.839285,23.78,23.835218,23.711578,23.09381,21.808182,19.256666,16.449545,14.580435,12.278182,9.593809,7.414091
11/28,23.814089,23.87154,23.855715,23.806665,23.834585,23.7225,23.15409,21.774782,19.157825,16.365652,14.5216675,12.176086,9.614091,7.407391
11/29,23.855,23.924614,23.899286,23.85,23.865417,23.729,23.182726,21.912174,19.32087,16.40913,14.52875,12.294348,9.637273,7.4273915
11/30,23.863182,23.92923,23.907856,23.878334,23.886667,23.757,23.15409,21.77174,19.173477,16.42913,14.589583,12.230434,9.606363,7.426522
12/01,23.871819,23.950768,23.924286,23.871666,23.894167,23.763,23.183182,21.836521,19.286522,16.363043,14.48,12.243043,9.624091,7.42
12/02,23.9,23.994616,23.964285,23.93,23.9225,23.786999,23.166365,21.801739,19.14,16.49739,14.580417,12.283478,9.626364,7.4273915
12/03,23.916817,23.996922,23.962858,23.955,23.920416,23.789,23.202272,21.761305,19.218262,16.41174,14.522083,12.244782,9.642727,7.4204345
12/04,23.948637,24.039999,24.011429,23.975,23.940416,23.8065,23.20409,21.737083,19.155651,16.425217,14.4975,12.247392,9.633182,7.4430437
12/05,23.97909,24.082308,24.036428,24.021667,23.961668,23.831501,23.199091,21.689564,19.185652,16.399565,14.527083,12.226088,9.654091,7.4152174
12/06,23.996363,24.09154,24.050001,24.035002,23.982084,23.8535,23.23091,21.744783,19.08261,16.342175,14.4875,12.173913,9.641818,7.4452176
12/07,24.00727,24.096153,24.064285,24.033333,24.002916,23.8685,23.210909,21.664349,19.136957,16.320002,14.491666,12.227392,9.649091,7.4313045
12/08,24.039545,24.124615,24.080715,24.078333,24.036667,23.9105,23.239546,21.779566,19.27,16.325651,14.457084,12.216956,9.6904545,7.4347825
12/09,24.074091,24.164616,24.119284,24.088333,24.0575,23.9095,23.18409,21.56875,19.045652,16.242174,14.342917,12.179131,9.644546,7.439565
12/10,24.123634,24.19077,24.143572,24.156668,24.09375,23.928501,23.225908,21.684166,19.177391,16.393478,14.510417,12.234348,9.650909,7.4565215
12/11,24.13318,24.218462,24.185,24.196665,24.121666,23.980999,23.205,21.597391,19.116087,16.312609,14.37,12.1830435,9.654545,7.4243474
12/12,24.15818,24.24923,24.209286,24.221666,24.146667,23.960499,23.213636,21.654346,19.112175,16.292173,14.46125,12.222609,9.642273,7.46
12/13,24.194092,24.289999,24.262857,24.268333,24.18,23.993,23.21682,21.69625,19.19348,16.324783,14.376667,12.221304,9.655909,7.4430437
12/14,24.219545,24.322308,24.292858,24.293333,24.227083,24.039999,23.202726,21.6025,19.10348,16.339565,14.470417,12.196957,9.654545,7.421739
12/15,24.248634,24.356153,24.334286,24.366667,24.255,24.0495,23.210455,21.65174,19.17261,16.299566,14.417084,12.21409,9.645909,7.463913
12/16,24.293638,24.400768,24.387144,24.428335,24.298332,24.0845,23.19091,21.599566,19.142609,16.354782,14.492916,12.231363,9.634545,7.4286957
12/17,24.315,24.41846,24.407145,24.463333,24.32,24.117,23.201818,21.660435,19.12,16.423044,14.515834,12.225217,9.633183,7.4234786
12/18,24.32182,24.413847,24.407145,24.466667,24.341667,24.101,23.143637,21.540415,19.184347,16.34913,14.502083,12.241739,9.637727,7.441304
12/19,24.335909,24.407692,24.412142,24.473333,24.358332,24.142,23.173637,21.66,19.156958,16.411304,14.512084,12.228261,9.63409,7.4295654
12/20,24.368181,24.443077,24.435715,24.508333,24.373749,24.1515,23.180477,21.528261,19.226088,16.501305,14.587916,12.286522,9.637273,7.4117393
12/21,24.382727,24.473076,24.465,24.56,24.390417,24.161999,23.176191,21.607826,19.25261,16.38087,14.5075,12.210435,9.644091,7.433043
12/22,24.403181,24.486921,24.485714,24.608332,24.400415,24.159,23.162857,21.570435,19.206522,16.467392,14.562917,12.211739,9.647727,7.41
12/23,24.433636,24.514616,24.512142,24.673332,24.405218,24.1855,23.16,21.584784,19.343914,16.527391,14.590417,12.285217,9.626364,7.4117393
12/24,24.455456,24.557692,24.559286,24.708334,24.43,24.1955,23.197618,21.653044,19.185217,16.482174,14.562917,12.236087,9.641364,7.4191303
12/25,24.469091,24.596153,24.59643,24.786667,24.459566,24.181,23.179523,21.637825,19.24174,16.441303,14.549583,12.23913,9.63,7.404348
12/26,24.490454,24.605385,24.614286,24.811666,24.483479,24.218096,23.252857,21.597391,19.35913,16.499565,14.595417,12.276087,9.630909,7.4130435
12/27,24.542173,24.636152,24.637857,24.836668,24.489565,24.206667,23.152857,21.673914,19.223478,16.483044,14.58125,12.196957,9.626819,7.3956523
12/28,24.556364,24.681538,24.682142,24.871666,24.515217,24.238571,23.228096,21.579565,19.27913,16.565218,14.594167,12.232174,9.650001,7.4013042
12/29,24.587273,24.720768,24.726429,24.911667,24.551739,24.279524,23.193333,21.666956,19.299566,16.47652,14.602084,12.236522,9.617272,7.404348
12/30,24.622728,24.756155,24.76,24.945,24.589565,24.256668,23.163334,21.66,19.213913,16.544783,14.616666,12.2265215,9.633182,7.3904347
12/31,24.652727,24.80154,24.802143,24.993332,24.617392,24.281904,23.253334,21.585651,19.193043,16.503477,14.63375,12.242608,9.617272,7.393043
