time,1,10,13,20,40,60,80,100,120,140,180,300,500
01/01,28.103077,28.023075,27.889002,27.949999,27.662306,26.896152,22.455715,18.033571,15.997142,15.084616,14.110715,11.436153,7.4600005
01/02,28.031538,27.98077,27.870998,27.946428,27.7,26.773846,22.117142,17.987858,16.064285,15.103847,14.091429,11.343078,7.4933333
01/03,27.99,27.957693,27.857,27.874285,27.665384,26.523846,21.845715,18.023571,15.955714,15.085384,14.100715,11.36,7.463333
01/04,28.119999,27.99,27.939001,27.892141,27.693077,26.364614,21.661428,17.885,15.83,14.966154,14.078572,11.4023075,7.4424996
01/05,28.094616,28.025383,27.925,27.929287,27.721539,26.375385,21.598572,17.68,15.719286,14.906923,13.997857,11.302307,7.504167
01/06,27.956154,27.983076,27.881,27.91,27.755,26.430769,21.54857,17.689285,15.731429,14.913847,14.049286,11.309999,7.508333
01/07,27.98,27.952309,27.863,27.907145,27.745,26.474617,21.586428,17.397142,15.686429,14.906922,14.012143,11.328462,7.443333
01/08,27.943077,27.933077,27.853,27.88857,27.744165,26.400002,21.335001,17.155,15.559286,14.856154,13.978571,11.304616,7.4441667
01/09,27.897692,27.927692,27.842999,27.87143,27.710833,26.181538,20.967144,17.027857,15.507857,14.822308,14.017858,11.416923,7.47
01/10,27.936153,27.93,27.829,27.863571,27.710833,25.966154,20.875715,17.053572,15.515,14.853847,14.022858,11.395385,7.4641666
01/11,27.912306,27.913847,27.814999,27.87143,27.715834,26.082308,21.167858,17.039999,15.450714,14.802307,13.969286,11.314615,7.429167
01/12,27.932142,27.906923,27.814,27.869999,27.663332,25.926155,20.579285,16.850714,15.416429,14.832307,13.998571,11.35,7.3908334
01/13,28.027143,27.963076,27.86,27.908571,27.685835,25.934614,20.694286,16.757143,15.424286,14.7930765,13.977142,11.355384,7.4383335
01/14,28.020716,27.964617,27.91889,27.914999,27.725,26.162306,20.40357,16.72,15.372144,14.756923,13.986428,11.468461,7.455
01/15,27.993572,27.958462,27.914999,27.901428,27.690834,26.113848,20.314285,16.737143,15.434999,14.785385,13.990714,11.382308,7.4175
01/16,27.996922,27.907692,27.835001,27.85857,27.666666,25.774616,19.952143,16.568571,15.348572,14.727692,13.968572,11.333077,7.400833
01/17,27.970768,27.891539,27.791,27.844286,27.57,25.243845,19.86143,16.586428,15.413572,14.753077,13.932143,11.306153,7.4266667
01/18,27.975384,27.93,27.845999,27.864286,27.579168,25.10154,19.675001,16.354286,15.272857,14.703846,13.903571,11.369231,7.3799996
01/19,27.986925,27.95,27.870998,27.872143,27.4925,24.80154,19.512144,16.164286,15.179285,14.679999,13.903571,11.476154,7.4058337
01/20,27.935385,27.91846,27.863,27.886429,27.513334,24.56077,19.432858,16.195715,15.2300005,14.694615,13.96,11.475384,7.4025
01/21,27.913847,27.881538,27.872223,27.862858,27.490835,24.271538,19.160715,16.197857,15.216429,14.713846,13.978571,11.367692,7.3863635
01/22,27.934614,27.890001,27.821,27.876429,27.518333,24.146152,18.893572,16.192858,15.175,14.638572,13.929285,11.333077,7.4325004
01/23,27.94077,27.884615,27.855555,27.875715,27.515,24.37846,18.902859,16.177143,15.219286,14.657143,13.962857,11.41,7.4825
01/24,27.93923,27.906923,27.828,27.872143,27.526667,24.163076,19.075714,16.328571,15.264285,14.715714,13.995714,11.428462,7.4383335
01/25,27.901539,27.88077,27.820002,27.85857,27.515833,24.056923,19.083572,16.120714,15.153571,14.667857,13.961429,11.416154,7.4641666
01/26,27.915384,27.883078,27.834,27.864286,27.583334,24.242308,19.157856,16.088572,15.171428,14.682857,13.978571,11.507692,7.4383335
01/27,27.893847,27.871538,27.809,27.844286,27.635834,24.077694,18.89143,16.080715,15.154286,14.694285,13.997857,11.535385,7.465
01/28,27.94923,27.877693,27.794,27.853573,27.563334,24.19846,18.801428,16.104284,15.177142,14.659286,13.969286,11.478461,7.441667
01/29,27.927692,27.868332,27.786,27.863571,27.566666,24.018461,18.747143,16.184286,15.252143,14.697858,13.984285,11.383077,7.4191666
01/30,27.963076,27.880835,27.809,27.880001,27.528334,23.804615,18.707142,16.131428,15.157858,14.6521435,13.956429,11.406922,7.4599996
01/31,27.948334,27.900833,27.810999,27.844616,27.470001,23.305834,18.426153,15.973077,15.0746155,14.592307,13.909231,11.416667,7.4475
02/01,27.983076,27.913847,27.819092,27.845,27.333845,22.756153,18.057858,15.864286,15.034286,14.530768,13.902857,11.415384,7.430769
02/02,27.996155,27.934614,27.85,27.869999,27.252308,22.423847,17.681429,15.728571,14.976428,14.496923,13.875,11.366923,7.3892307
02/03,28.032856,27.967693,27.88,27.882856,26.993076,22.221539,17.66,15.797857,14.988571,14.501539,13.892143,11.30077,7.3884616
02/04,28.049232,27.970768,27.888182,27.897858,26.925385,22.528461,17.897142,15.899285,15.038571,14.526923,13.934286,11.440769,7.396154
02/05,28.002308,27.932308,27.860909,27.892857,26.92923,22.221539,17.657143,15.736428,14.976154,14.544616,13.961429,11.446154,7.414615
02/06,28.032307,27.923847,27.855455,27.882143,26.775383,22.053078,17.495714,15.792857,15.002308,14.584616,13.96,11.453846,7.423077
02/07,28.022308,27.960768,27.890907,27.885714,26.859232,22.302307,17.64643,15.877143,15.089286,14.609231,13.940001,11.4023075,7.4284616
02/08,28.087858,28.004616,27.915455,27.931429,26.73923,21.708462,17.681429,15.855715,15.110001,14.650768,13.981429,11.406154,7.413846
02/09,28.10154,28.029232,27.92,27.955,26.8025,21.833845,17.317142,15.756429,15.082857,14.610001,13.966429,11.353077,7.3876925
02/10,28.103848,28.046154,27.90091,27.957857,26.600832,21.844616,17.377857,15.855714,15.1214285,14.610769,13.977142,11.39,7.399231
02/11,28.024616,28.025387,27.915455,27.966429,26.673332,21.549232,17.491428,15.793571,15.092143,14.611538,13.917143,11.354615,7.3407693
02/12,28.044615,27.99,27.889091,27.941427,26.64846,21.295383,17.23,15.758571,15.081429,14.603077,13.908571,11.29,7.3230767
02/13,28.107859,28.007692,27.905455,27.953571,26.614614,21.27,17.276428,15.75,15.071428,14.624615,13.934286,11.334616,7.335385
02/14,28.053078,27.988462,27.867273,27.931429,26.476925,21.335386,17.182858,15.735001,15.070001,14.645385,13.937858,11.29077,7.370769
02/15,28.066923,27.994616,27.873634,27.931429,26.536154,20.602308,16.982859,15.681428,14.995385,14.581538,13.858572,11.265385,7.3415384
02/16,28.02769,28.001537,27.889091,27.927856,26.185,20.104614,17.03,15.6753845,15.04,14.570769,13.837143,11.103077,7.319231
02/17,27.99,27.960768,27.872728,27.91857,26.304167,20.42154,17.09643,15.676924,15.046154,14.606154,13.841429,11.250769,7.3415384
02/18,27.966923,27.951538,27.857271,27.912857,26.360834,20.90846,17.148571,15.726154,15.057693,14.596923,13.864286,11.282308,7.334615
02/19,28.022142,27.971539,27.867273,27.91857,26.146667,20.726925,16.962856,15.648461,15.0346155,14.565385,13.836428,11.2069235,7.234616
02/20,28.037691,28.013079,27.910002,27.947857,25.745,20.433846,16.941427,15.708462,15.011538,14.56,13.832857,11.133846,7.3023076
02/21,28.076923,28.018461,27.90091,27.955715,25.996922,20.054615,16.925714,15.653846,15.046154,14.598461,13.892143,11.183846,7.335385
02/22,28.099998,28.029232,27.923637,27.979284,26.220001,20.325386,17.117857,15.804616,15.123846,14.628462,13.917143,11.259231,7.3776927
02/23,28.116154,28.067692,27.972729,28.007856,26.2,20.257692,17.094286,15.798462,15.07923,14.598461,13.857142,11.164616,7.3376923
02/24,28.103848,28.056154,27.974546,28.019285,26.336924,20.466154,17.06,15.730769,15.0,14.553077,13.867143,11.123077,7.354615
02/25,28.166922,28.08769,27.97909,28.017693,26.744616,20.823078,17.102858,15.758462,15.058461,14.62,13.911428,11.266154,7.3723073
02/26,28.213572,28.116922,27.996363,28.051537,26.491539,20.786924,17.177858,15.799999,15.1,14.66,13.9257145,11.305385,7.3146157
02/27,28.237692,28.141539,28.046364,28.095385,26.160769,20.237692,17.130714,15.732308,15.06077,14.6123085,13.9021435,11.101538,7.306923
02/28,28.258463,28.173077,28.086365,28.11923,26.076923,20.384615,17.03857,15.70923,15.053077,14.603847,13.910001,11.062307,7.3461537
02/29,28.5975,28.55,28.253334,28.5,26.97,21.3525,17.36,15.835,15.1375,14.635,13.8975,11.07,7.3700004
03/01,28.292307,28.19,28.140001,28.16,26.195385,20.119999,16.989286,15.756923,15.03923,14.59923,13.87,11.047692,7.3623075
03/02,28.310715,28.212309,28.16909,28.163847,26.19,19.882307,16.862858,15.669999,14.977692,14.560769,13.885714,11.151539,7.367692
03/03,28.34154,28.244616,28.210909,28.187693,25.966154,19.88077,16.972857,15.720769,15.085384,14.649231,13.937858,11.139231,7.3469234
03/04,28.423077,28.316153,28.259998,28.24923,25.814615,19.806154,16.975,15.623077,15.0430765,14.636154,13.890715,11.08,7.3815384
03/05,28.416155,28.339231,28.29,28.26,26.216154,20.063845,17.035,15.603077,14.951538,14.565385,13.906428,11.22,7.350769
03/06,28.335833,28.284998,28.266,28.219168,26.056665,20.132307,16.849232,15.603333,14.985,14.5925,13.906922,11.149166,7.3108335
03/07,28.390768,28.301537,28.225,28.285383,26.160002,20.562143,16.874287,15.663847,15.048462,14.647692,13.952143,11.04077,7.3015385
03/08,28.394615,28.325386,28.226002,28.281538,25.915384,20.324286,16.84643,15.66923,15.007692,14.611538,13.950714,11.139999,7.3261538
03/09,28.40231,28.355385,28.243,28.322308,25.816923,20.41857,16.921429,15.636923,15.006154,14.606154,13.927857,11.232308,7.3284616
03/10,28.43,28.372307,28.285,28.373844,26.227692,20.434284,17.020714,15.650768,14.993846,14.581538,13.931428,11.153077,7.328461
03/11,28.424614,28.372307,28.266,28.346924,25.803078,20.600714,17.072857,15.674616,14.992308,14.57923,13.919286,11.113077,7.286154
03/12,28.47,28.422306,28.284,28.343077,25.773846,20.297855,16.998571,15.676153,15.009231,14.5976925,13.915715,11.0976925,7.3184614
03/13,28.424614,28.41154,28.293,28.335384,26.06077,20.295,16.796429,15.606923,15.041539,14.639231,13.96,11.16,7.3407693
03/14,28.49923,28.410769,28.293,28.385386,26.203077,20.387857,16.83643,15.653846,15.061539,14.653846,13.995,11.198462,7.3176923
03/15,28.517693,28.437693,28.304,28.373077,25.716154,20.374285,16.905,15.651539,15.052308,14.630769,13.927142,11.107692,7.289231
03/16,28.53077,28.427692,28.285,28.346924,25.632307,20.078571,16.922144,15.700001,15.056153,14.640769,13.951429,11.033076,7.3415384
03/17,28.516924,28.44,28.22889,28.36077,26.076153,20.177143,16.95,15.656923,14.9800005,14.590769,13.938571,11.146153,7.3646154
03/18,28.476154,28.426155,28.233334,28.356922,26.2675,20.439285,16.937143,15.685385,15.043847,14.641539,13.946428,11.1753845,7.3446155
03/19,28.493076,28.401539,28.206667,28.31,26.160833,20.215,16.716429,15.679999,15.096154,14.693076,13.984285,11.157693,7.3438463
03/20,28.516924,28.427692,28.227777,28.31,26.097498,19.729284,16.53143,15.649231,15.067693,14.688461,14.002858,11.1207695,7.3438463
03/21,28.556923,28.446154,28.221111,28.326923,25.8675,19.682142,16.59,15.639231,15.066923,14.663076,13.978571,11.113846,7.3076925
03/22,28.496155,28.456154,28.222221,28.30923,25.568335,19.59643,16.692142,15.623077,15.036922,14.65923,13.982142,11.190769,7.36
03/23,28.431538,28.431538,28.22,28.306154,25.46,19.84,16.702143,15.624615,15.04,14.647692,14.008571,11.234615,7.3653846
03/24,28.414616,28.373844,28.153334,28.251537,25.095001,19.425714,16.606428,15.580001,15.042308,14.656922,13.991429,11.174616,7.332308
03/25,28.326923,28.315386,28.098888,28.18923,25.013334,19.220715,16.533571,15.559231,15.036154,14.656923,13.972143,11.148462,7.382308
03/26,28.376665,28.330833,28.132223,28.241667,25.964544,19.616154,16.69154,15.606667,15.025001,14.654167,14.017692,11.115001,7.366667
03/27,28.31,28.302307,28.145555,28.233076,25.565834,19.38857,16.56,15.596924,15.03,14.632308,13.9964285,11.217692,7.383846
03/28,28.321537,28.30077,28.173332,28.237692,25.279167,19.215,16.587856,15.56923,15.013845,14.646923,14.002858,11.24,7.3407693
03/29,28.356667,28.286924,28.148888,28.218462,25.204168,19.26357,16.582142,15.584616,15.004615,14.641539,14.004286,11.140769,7.3623075
03/30,28.418333,28.33154,28.207777,28.276154,25.426666,19.155,16.440714,15.522307,14.942307,14.584616,13.995714,11.229231,7.3646154
03/31,28.420832,28.325386,28.18,28.257692,25.376665,19.056429,16.418571,15.536154,14.971539,14.600769,14.011429,11.266154,7.413846
04/01,28.419167,28.375385,28.222221,28.277693,25.281668,19.159286,16.443571,15.560769,14.995385,14.635385,14.047143,11.236923,7.4376926
04/02,28.533333,28.365385,28.217777,28.28,25.558334,19.567142,16.59643,15.596923,15.049999,14.6523075,14.037857,11.135385,7.380769
04/03,28.475832,28.404615,28.235556,28.289999,25.186666,19.332142,16.580715,15.551538,14.988462,14.611538,13.971429,11.158462,7.4100003
04/04,28.474167,28.434614,28.31,28.328463,25.698334,19.122143,16.590715,15.556924,14.998461,14.605384,13.95,11.24,7.43
04/05,28.470833,28.444614,28.351112,28.377693,25.924166,19.145,16.447142,15.493846,14.983077,14.593077,13.952143,11.293847,7.3884616
04/06,28.4775,28.455385,28.374443,28.413847,25.288332,19.193571,16.469286,15.51,14.963846,14.598461,13.956429,11.127692,7.3430767
04/07,28.529167,28.466923,28.396666,28.424614,25.3275,18.977858,16.362143,15.517692,15.003846,14.606923,13.95,11.038462,7.370769
04/08,28.532501,28.474617,28.38,28.417692,25.559166,19.000715,16.497858,15.583077,15.026154,14.622308,13.964999,11.161539,7.4192305
04/09,28.496666,28.466923,28.326668,28.416922,25.8925,19.075714,16.423573,15.527693,14.991538,14.636923,13.958571,11.226923,7.39
04/10,28.52769,28.443077,28.315556,28.392307,25.61,19.046429,16.45,15.5430765,14.97,14.604615,13.947143,11.220769,7.3846154
04/11,28.55,28.491539,28.367777,28.41846,25.391668,19.130001,16.42,15.546923,14.980769,14.5976925,13.942143,11.191539,7.369231
04/12,28.566666,28.542307,28.434444,28.483076,25.629166,19.300001,16.426428,15.545384,14.995385,14.58077,13.921428,11.243077,7.4215384
04/13,28.509165,28.504616,28.407778,28.45923,26.050001,19.557142,16.461428,15.523077,14.973077,14.583846,13.936429,11.263077,7.3892307
04/14,28.499166,28.44077,28.323334,28.38077,26.251665,19.643572,16.465715,15.547692,14.977693,14.5746155,13.903571,11.146153,7.3307695
04/15,28.487692,28.474613,28.316668,28.371538,25.849167,19.041428,16.284285,15.450769,14.893077,14.520769,13.862857,11.110769,7.334615
04/16,28.520834,28.518461,28.333334,28.413076,25.960833,19.412142,16.552858,15.563847,15.016923,14.623077,13.950714,11.211538,7.399231
04/17,28.611666,28.563845,28.365557,28.46923,25.779999,19.355715,16.434286,15.522307,15.016923,14.635385,13.947143,11.253846,7.399231
04/18,28.553331,28.54077,28.335556,28.461538,26.044167,19.62143,16.477858,15.516923,14.984615,14.5892315,13.931428,11.204616,7.383846
04/19,28.535833,28.492308,28.14875,28.380001,25.996666,19.296429,16.392857,15.497692,14.941539,14.571538,13.922857,11.21077,7.363077
04/20,28.518333,28.516153,28.182499,28.38077,25.698334,19.21857,16.41643,15.483077,14.933077,14.565385,13.957857,11.196154,7.3984613
04/21,28.569166,28.547691,28.22,28.451538,25.6875,19.342855,16.444286,15.498461,14.922308,14.560769,13.980715,11.259231,7.396154
04/22,28.559166,28.553846,28.2575,28.393076,25.665833,19.579285,16.439285,15.525385,14.986923,14.607692,13.969286,11.248461,7.3784614
04/23,28.501665,28.52,28.26375,28.400002,25.743332,19.885,16.640001,15.580001,15.008462,14.606923,13.967143,11.247692,7.3907695
04/24,28.594168,28.557692,28.25125,28.37923,25.766668,20.279285,16.787857,15.6123085,14.988462,14.606154,13.977858,11.262308,7.376923
04/25,28.681665,28.63077,28.3025,28.435385,25.894999,20.215,16.66357,15.58,14.998461,14.633077,14.024285,11.320001,7.3923078
04/26,28.66846,28.676922,28.36375,28.481539,26.053335,20.177143,16.66357,15.560769,15.010769,14.627692,13.993571,11.317693,7.415385
04/27,28.708334,28.68923,28.43375,28.554615,26.245834,20.445002,16.652857,15.556154,15.03923,14.643846,13.976428,11.2469225,7.430769
04/28,28.703333,28.712309,28.45,28.590769,26.2525,20.37857,16.73,15.600769,15.059231,14.66923,13.997857,11.294616,7.366154
04/29,28.774168,28.767693,28.508749,28.667692,26.110832,20.412857,16.845715,15.696923,15.068461,14.661539,13.991429,11.3392315,7.366154
04/30,28.7525,28.783846,28.4975,28.665384,26.448334,20.36,16.940714,15.618461,14.975384,14.58,13.963572,11.361538,7.4092307
05/01,28.763334,28.781538,28.46625,28.595385,26.62,20.55923,17.05857,15.725384,15.019231,14.61,14.022142,11.382308,7.4453845
05/02,28.813334,28.802307,28.475,28.572308,26.1275,20.48077,16.891428,15.68077,15.061539,14.641539,13.994286,11.356923,7.43
05/03,28.8375,28.824615,28.525,28.631538,26.235834,20.741539,16.962856,15.723077,15.103077,14.664616,14.009286,11.383077,7.42
05/04,28.775454,28.779999,28.536251,28.659166,26.060907,20.52,16.913847,15.732501,15.049167,14.596667,13.969232,11.243333,7.456667
05/05,28.836668,28.853848,28.50625,28.616667,26.482727,21.029165,17.090715,15.795384,15.086153,14.630769,13.997692,11.366154,7.476154
05/06,28.849167,28.863077,28.716667,28.764616,27.085384,21.304615,17.070715,15.79077,15.092307,14.692307,14.052142,11.517692,7.4538465
05/07,28.896667,28.880001,28.765556,28.816154,27.406155,21.14846,17.217142,15.783846,15.124615,14.686922,14.0128565,11.527693,7.522308
05/08,28.871666,28.886923,28.787777,28.733847,27.401667,21.510769,17.356428,15.783077,15.145385,14.719232,14.024285,11.495385,7.553846
05/09,28.915,28.88846,28.722,28.74,27.278334,22.264616,17.582142,15.804616,15.192307,14.786154,14.079286,11.623077,7.5746155
05/10,28.916922,28.900768,28.764002,28.821537,27.1925,22.508461,17.63857,15.857692,15.204616,14.821538,14.096429,11.593846,7.5353847
05/11,28.980001,28.944614,28.893751,28.889168,27.510002,23.141668,17.843845,16.0075,15.244166,14.838333,14.117692,11.476666,7.5308337
05/12,28.936922,28.963572,28.837,28.883846,27.873077,23.657501,18.030714,16.086924,15.281539,14.83077,14.161428,11.583846,7.5453844
05/13,28.945385,28.945002,28.809,28.878462,27.874615,22.99077,17.97,16.077694,15.264616,14.8792305,14.187142,11.624615,7.5384617
05/14,28.914614,28.947857,28.842001,28.868462,27.900833,23.279232,18.364286,16.19,15.33077,14.906923,14.147857,11.643846,7.575384
05/15,28.923077,28.922144,28.915554,28.83154,27.805386,23.97231,18.484285,16.136154,15.333846,14.866923,14.120714,11.666154,7.537692
05/16,28.856924,28.929998,28.863,28.83846,27.584167,23.526154,18.129286,16.057692,15.328462,14.841538,14.17,11.653077,7.5838466
05/17,28.926155,28.929998,28.898998,28.883078,27.745384,23.546154,18.022142,16.083076,15.368461,14.886154,14.222143,11.696923,7.5899997
05/18,28.873077,28.942858,28.901001,28.856922,27.987692,23.866922,18.419285,16.21,15.413847,14.886923,14.24,11.665384,7.613846
05/19,28.837694,28.898571,28.853,28.886923,28.065,24.029232,18.317142,16.298462,15.438461,14.936153,14.214999,11.7175,7.5961537
05/20,28.883846,28.914999,28.870998,28.925385,28.098333,24.237692,18.242857,16.206923,15.41,14.893846,14.201429,11.763333,7.56
05/21,28.945385,28.882856,28.823002,28.909231,28.010834,24.55923,18.51357,16.33154,15.453846,14.91923,14.239286,11.7375,7.5646152
05/22,28.922306,28.897142,28.839,28.920769,27.945385,24.758461,18.73,16.292309,15.443847,14.945384,14.309999,11.8425,7.599231
05/23,28.919231,28.892141,28.87889,28.906923,27.876156,24.495384,18.649286,16.206154,15.4,14.91923,14.280714,11.78,7.5869226
05/24,28.87077,28.927856,28.943333,28.933077,27.679167,24.24077,18.402143,16.131538,15.414616,14.896153,14.255,11.701667,7.553077
05/25,28.822308,28.922855,28.97111,28.951538,27.969168,24.765385,18.583572,16.177692,15.433077,14.948462,14.305715,11.771667,7.5699997
05/26,28.787691,28.890715,28.976667,28.923847,28.208334,24.973846,19.067858,16.333845,15.49,15.015385,14.354286,11.8775,7.6169233
05/27,28.798462,28.86143,28.94111,28.84,28.049166,25.065386,19.417858,16.30846,15.483846,14.96,14.32,11.895833,7.650769
05/28,28.78,28.817858,28.954445,28.812307,28.125834,25.487692,19.305714,16.445385,15.492308,14.963078,14.271429,11.819167,7.5746155
05/29,28.72143,28.759998,28.86111,28.771538,28.218462,26.098461,19.590714,16.426924,15.503077,14.941539,14.2771435,11.833077,7.5746155
05/30,28.712858,28.749285,28.84,28.745384,28.371538,25.981539,19.382143,16.386923,15.492308,14.936922,14.289286,11.911539,7.602308
05/31,28.776428,28.765715,28.855556,28.766924,28.323078,26.12846,19.933573,16.492308,15.478461,14.963846,14.295,11.980769,7.6561537
06/01,28.797857,28.828571,28.915554,28.803846,28.30077,26.224617,20.200714,16.616154,15.582308,15.039231,14.335,11.969232,7.6884613
06/02,28.887857,28.852858,28.932224,28.836924,28.18,26.625385,20.26643,16.603848,15.637693,15.064615,14.292857,11.895385,7.6638465
06/03,28.817142,28.807142,28.83,28.786922,28.132307,26.982307,20.644285,16.716154,15.655385,15.106154,14.32,11.989231,7.666154
06/04,28.828571,28.809284,28.81111,28.805386,28.423847,26.91,20.515,16.71077,15.683846,15.13,14.314285,12.064615,7.703077
06/05,28.774286,28.777859,28.813334,28.786924,28.464617,26.881538,20.862856,16.768461,15.744615,15.179999,14.319285,11.970769,7.686923
06/06,28.732143,28.757143,28.761112,28.742308,28.346153,26.760769,20.27,16.673077,15.618461,15.103847,14.279286,11.8707695,7.713846
06/07,28.757856,28.75357,28.764444,28.73923,28.460001,26.409231,19.577143,16.564615,15.646153,15.109231,14.271429,11.880769,7.6823077
06/08,28.73,28.77857,28.785557,28.785383,28.624615,26.52,19.97,16.686153,15.632308,15.120769,14.281428,11.893077,7.67
06/09,28.742857,28.802143,28.81778,28.8225,28.634615,26.5,20.065714,16.749231,15.712307,15.139231,14.282143,11.897692,7.629231
06/10,28.723572,28.797144,28.82778,28.809166,28.717693,26.322308,20.116428,16.856922,15.69077,15.091538,14.258462,11.91,7.704615
06/11,28.737858,28.756666,28.782001,28.755384,28.767857,26.760714,20.903332,17.123571,15.815001,15.075,14.272666,11.859285,7.6935716
06/12,28.656,28.721334,28.732,28.720768,28.719286,26.65,20.904667,17.022858,15.749286,15.142143,14.265333,11.8714285,7.75
06/13,28.659334,28.674,28.685001,28.66,28.575714,26.258572,20.544,16.772142,15.772142,15.177857,14.242001,11.903571,7.6899996
06/14,28.567333,28.602,28.605,28.589231,28.365713,25.617857,20.418,16.892857,15.763572,15.08,14.167333,11.792857,7.674286
06/15,28.557335,28.56,28.532999,28.516924,28.37143,25.732859,21.411333,17.295713,15.797143,15.101428,14.184,11.727142,7.682143
06/16,28.542,28.532001,28.483002,28.486155,28.395716,26.172857,21.708,17.374287,15.807857,15.135,14.205334,11.661428,7.7000003
06/17,28.493334,28.497334,28.460999,28.477692,28.37857,25.855,21.457335,17.140715,15.747857,15.114286,14.205999,11.744286,7.6814284
06/18,28.526001,28.487333,28.472,28.521667,28.340769,25.564615,21.147333,16.976429,15.729286,15.11,14.215333,11.8242855,7.7207146
06/19,28.482666,28.496668,28.466,28.488333,28.135386,25.817692,21.841333,17.455,15.919286,15.167857,14.258667,11.831429,7.7407146
06/20,28.452,28.463999,28.446,28.445,28.146152,26.387693,22.213999,17.632856,15.968572,15.17,14.223333,11.772858,7.7164283
06/21,28.393333,28.403332,28.391,28.3725,28.058462,26.304615,21.871334,17.54143,15.8949995,15.115,14.203334,11.717143,7.695
06/22,28.373333,28.364,28.354,28.308334,28.164616,26.443077,22.064,17.22857,15.772858,15.062142,14.230667,11.785001,7.7228575
06/23,28.298668,28.308666,28.344,28.250834,28.225384,26.506153,21.984001,16.972143,15.717857,15.047143,14.289333,11.757143,7.7114286
06/24,28.202667,28.206,28.262,28.153334,28.2,26.748463,22.157999,17.466429,15.882143,15.166429,14.316,11.740714,7.659286
06/25,28.155334,28.273573,28.167002,28.065,28.047691,26.73923,22.816668,17.642143,16.024286,15.224286,14.308,11.763572,7.7192855
06/26,28.174,28.26077,28.23,28.131666,27.98077,26.883078,23.122,17.677858,15.952857,15.18,14.300666,11.831429,7.712143
06/27,28.179333,28.25077,28.23,28.100832,27.974617,27.054615,22.684666,17.717857,15.881429,15.162143,14.304,11.807857,7.7242856
06/28,28.209333,28.265385,28.257,28.083334,27.946922,26.899231,22.331333,17.807858,15.917857,15.196428,14.309999,11.755714,7.7092857
06/29,28.184666,28.203075,28.230999,28.091667,27.936155,26.951668,22.534666,17.856428,15.978571,15.255714,14.309333,11.735715,7.6735716
06/30,28.105333,28.123844,28.209,28.035833,27.984615,26.638334,22.220667,17.607857,15.979285,15.194285,14.258667,11.809286,7.6907144
07/01,28.104,28.126923,28.226002,28.028334,27.893078,26.365,22.342665,17.98357,16.095715,15.251429,14.268666,11.809999,7.6307144
07/02,28.098667,28.114614,28.223001,28.019999,27.826923,26.431665,22.446001,18.147142,16.106428,15.239286,14.306667,11.767143,7.654286
07/03,28.049334,28.054615,28.211002,27.974167,27.887693,26.4775,22.801332,18.254286,16.019285,15.227858,14.306667,11.752143,7.692857
07/04,28.006666,27.995384,28.194,27.9125,27.901539,26.428335,22.547333,18.461428,16.047857,15.223572,14.317333,11.799286,7.699286
07/05,27.945002,27.965384,28.170002,27.847498,27.881538,26.521667,22.35,18.238571,15.930715,15.215714,14.292001,11.838572,7.7078567
07/06,27.892666,27.920769,28.148998,27.795,27.890768,26.370834,22.510668,18.007856,15.8949995,15.184286,14.2873335,11.768571,7.6671424
07/07,27.869999,27.88846,28.12,27.768333,27.86923,26.378334,22.885334,18.27143,16.049286,15.300714,14.332,11.791429,7.698571
07/08,27.881334,27.88846,28.101002,27.774168,27.792307,26.355833,22.750668,18.373571,16.137142,15.295,14.316667,11.781428,7.642857
07/09,27.858667,27.903076,28.001999,27.737501,27.725384,26.561666,23.162666,18.15643,15.97,15.247142,14.311334,11.74,7.647857
07/10,27.845333,27.893847,27.936,27.688334,27.613848,26.5675,23.209333,18.095715,15.9257145,15.160714,14.3046665,11.693572,7.6349998
07/11,27.891333,27.99,27.941,27.784998,27.657692,26.475,23.223333,17.805,15.900714,15.166429,14.320001,11.709287,7.6385717
07/12,27.902,28.023846,27.946,27.829168,27.616924,26.585,22.532665,17.756428,15.977142,15.238571,14.3706665,11.738571,7.6157146
07/13,27.941427,28.014616,27.925,27.831667,27.703077,26.475,22.210667,17.659285,15.882143,15.217142,14.3793335,11.712857,7.6435714
07/14,27.874666,27.98,27.885,27.795832,27.783846,26.424166,21.986,17.882856,15.913572,15.186429,14.354667,11.728571,7.692857
07/15,27.866,27.955383,27.841,27.825834,27.713076,26.449165,22.347332,17.85357,15.986428,15.197143,14.297334,11.792143,7.6192856
07/16,27.816,27.896923,27.755,27.7675,27.646923,26.730001,22.764668,17.985,16.017857,15.276428,14.3619995,11.681428,7.613571
07/17,27.748,27.793846,27.664001,27.6825,27.572308,26.44,22.542665,17.902143,15.925714,15.232857,14.396,11.792143,7.654286
07/18,27.654667,27.66846,27.539001,27.593332,27.458462,26.383333,22.649332,17.973572,15.985715,15.265715,14.348666,11.687858,7.613571
07/19,27.632666,27.57,27.484,27.563334,27.427692,26.512499,22.546,18.215715,16.06,15.275714,14.327333,11.705,7.607143
07/20,27.579334,27.539999,27.463001,27.593332,27.37077,26.490908,22.706667,18.113571,15.9871435,15.234285,14.358667,11.833571,7.727857
07/21,27.506666,27.475384,27.355999,27.5875,27.318462,26.565454,22.396667,18.461428,16.134287,15.3007145,14.398,11.834285,7.678571
07/22,27.417143,27.416428,27.383333,27.529999,27.288462,25.91909,21.958,18.815714,16.257143,15.235715,14.344,11.844285,7.6171427
07/23,27.352,27.302143,27.319,27.388334,27.196922,26.117273,22.59,18.9,16.42357,15.419286,14.392667,11.854286,7.6835713
07/24,27.281334,27.235714,27.236002,27.318335,27.123844,26.557274,23.250668,19.439285,16.59643,15.399285,14.457334,11.963572,7.710714
07/25,27.159286,27.161428,27.09,27.2525,27.109999,26.418182,23.153332,19.662857,16.823572,15.42,14.451334,11.914286,7.6292853
07/26,27.177334,27.107859,27.1,27.217499,26.991539,26.232727,23.231333,19.442142,16.798573,15.431429,14.411333,11.798571,7.5764284
07/27,27.084665,27.001429,27.11625,27.148333,26.963076,26.001818,23.244,19.5,16.660715,15.47,14.349286,11.701428,7.6621428
07/28,26.992144,26.973572,27.22625,27.0075,26.890768,26.110909,23.838665,19.783571,16.702143,15.517858,14.448571,11.857857,7.702143
07/29,26.898571,26.883572,27.16125,26.7725,26.775383,26.226362,23.940666,20.217144,16.851429,15.568572,14.464999,11.975715,7.642143
07/30,26.985,26.955,27.2425,26.8975,26.806923,26.128181,23.541332,19.967855,16.735714,15.415715,14.354285,11.842142,7.580714
07/31,26.859285,26.835001,26.985,26.769167,26.826153,26.062727,23.588665,20.035715,16.834286,15.452857,14.418571,11.8621435,7.657857
08/01,26.889334,26.806429,26.98625,26.748335,26.821537,26.219091,23.926666,20.212858,16.870714,15.555,14.462857,11.976428,7.6864285
08/02,26.840714,26.836428,27.07125,26.716667,26.823078,26.036364,23.733334,19.616428,16.529285,15.478571,14.375,11.923571,7.654286
08/03,26.948572,26.950714,27.212856,26.818335,26.976925,26.195454,23.899332,19.794285,16.566427,15.51,14.420714,11.799286,7.585714
08/04,26.895,26.899286,27.107143,26.744165,26.946922,26.42091,23.993334,20.092855,16.91357,15.5128565,14.411428,11.820714,7.607857
08/05,26.95,26.913572,27.018572,26.766668,26.993076,26.402727,23.420666,19.978573,17.032856,15.582857,14.454286,11.889285,7.642857
08/06,27.135,27.132858,27.01625,26.9825,27.093077,26.203636,23.249332,19.416428,16.680714,15.472143,14.428572,11.842857,7.5814285
08/07,27.290714,27.300001,27.12,27.181665,27.214617,26.234545,23.154,19.119287,16.694286,15.525,14.382857,11.761429,7.54
08/08,27.35923,27.354614,27.09875,27.170832,27.227692,26.545454,23.379286,19.208572,16.75154,15.4253845,14.337857,11.66923,7.5984616
08/09,27.363571,27.365,27.046667,27.177692,27.179287,26.730001,23.175333,19.117334,16.577856,15.340714,14.361333,11.720714,7.5784616
08/10,27.359285,27.365713,27.033333,27.19,27.225714,26.805834,23.150667,18.871334,16.479284,15.3550005,14.425334,11.707857,7.528462
08/11,27.380713,27.379286,27.033333,27.206923,27.192858,26.965834,23.506666,18.830666,16.372858,15.359285,14.433333,11.676429,7.5584617
08/12,27.401428,27.412857,27.068888,27.245384,27.188572,26.955833,23.308666,18.943333,16.542858,15.32,14.420667,11.647858,7.5415387
08/13,27.351332,27.439285,27.078888,27.24,27.157856,26.865,22.897333,18.893333,16.41643,15.290713,14.35,11.610715,7.5299997
08/14,27.325335,27.390715,26.87625,27.196922,27.136429,26.768333,22.754,18.769335,16.649286,15.390715,14.385333,11.641428,7.5099998
08/15,27.369284,27.365713,27.01111,27.166922,27.122143,26.928335,23.270666,19.030666,16.69,15.400714,14.367333,11.6285715,7.5323076
08/16,27.327143,27.327856,27.015556,27.163076,27.072857,26.8225,23.183332,19.174665,16.533571,15.350715,14.292001,11.549286,7.5076923
08/17,27.334286,27.338572,27.086666,27.20923,27.017141,26.568335,23.097332,19.034,16.348572,15.263572,14.294666,11.434999,7.4661536
08/18,27.287142,27.291428,27.194445,27.252308,27.052143,26.588333,23.267334,19.079334,16.302858,15.263572,14.335333,11.545714,7.512308
08/19,27.28143,27.285715,27.188889,27.254616,27.131428,26.468332,23.427334,18.792,16.212856,15.234285,14.3220005,11.687142,7.5561543
08/20,27.344286,27.33357,27.223333,27.313078,27.154285,26.499166,23.641333,18.958,16.169285,15.224286,14.320001,11.640715,7.515384
08/21,27.357143,27.36143,27.186249,27.344616,27.12857,26.831667,23.24,18.567999,16.107859,15.192143,14.290667,11.580714,7.474615
08/22,27.382856,27.383572,27.312222,27.373844,27.167143,26.706667,23.433332,18.692,16.090715,15.227142,14.270666,11.567857,7.4946156
08/23,27.405714,27.397858,27.33125,27.316154,27.258572,26.746666,23.709333,18.714666,16.179285,15.276428,14.294001,11.649285,7.5099998
08/24,27.345001,27.324999,27.242222,27.25,27.293573,26.755835,23.59,18.753332,16.16643,15.336428,14.3,11.642143,7.473077
08/25,27.339285,27.345,27.247778,27.297691,27.310715,26.900833,23.425999,18.358,16.108572,15.177857,14.192667,11.524285,7.5007696
08/26,27.390715,27.380713,27.261112,27.316153,27.292143,26.831667,23.712667,18.636665,16.217857,15.169286,14.2126665,11.665,7.4953847
08/27,27.395,27.387857,27.283333,27.337694,27.311428,26.861666,23.506666,18.468666,16.167858,15.182307,14.223333,11.661428,7.523846
08/28,27.410715,27.4,27.262222,27.34154,27.38857,26.9375,23.593332,18.808,16.234999,15.262308,14.255334,11.772858,7.5646152
08/29,27.434284,27.437143,27.287777,27.378462,27.43857,26.996666,23.757334,18.945333,16.287857,15.256154,14.215333,11.693572,7.543846
08/30,27.433573,27.433573,27.272223,27.384615,27.442142,26.859167,23.802,18.711334,16.164286,15.201538,14.2,11.567857,7.4284616
08/31,27.417334,27.402859,27.236668,27.356153,27.41857,26.764166,23.723999,19.063334,16.345715,15.280768,14.273334,11.610001,7.4769235
09/01,27.39143,27.385714,27.172222,27.26,27.255001,26.76,24.050667,19.855,16.604616,15.369166,14.249286,11.764616,7.5125003
09/02,27.407856,27.39143,27.142221,27.233076,27.187857,26.711668,24.4,19.804667,16.630001,15.429231,14.240666,11.722143,7.5492306
09/03,27.353573,27.354284,27.0925,27.296154,27.200714,26.69,24.003332,19.448668,16.492857,15.388462,14.225333,11.586429,7.5146155
09/04,27.315,27.33357,27.124443,27.276924,27.256428,26.761667,23.997334,19.438665,16.760714,15.479231,14.309999,11.592857,7.525385
09/05,27.297855,27.282145,26.98375,27.221539,27.24857,26.7575,24.121334,19.630667,16.787857,15.445384,14.22,11.63,7.5261536
09/06,27.309334,27.295,26.96875,27.19846,27.220715,26.771667,23.854668,19.663334,16.814285,15.403846,14.230666,11.705,7.556923
09/07,27.342669,27.325714,27.086666,27.215384,27.152857,26.605001,23.721334,19.409334,16.664999,15.279231,14.175334,11.574286,7.5053844
09/08,27.34643,27.352142,26.997143,27.292307,27.192142,26.6725,23.967999,19.421999,16.698572,15.253077,14.174666,11.577857,7.4853845
09/09,27.433573,27.437857,27.25222,27.37077,27.269287,26.789167,24.021334,19.158667,16.780714,15.354615,14.188001,11.584285,7.520769
09/10,27.508572,27.49,27.255001,27.433847,27.34357,26.826666,24.006666,19.034666,16.70857,15.471539,14.236001,11.648572,7.512307
09/11,27.547144,27.539286,27.326668,27.475384,27.34643,26.896667,23.935333,19.251333,16.734285,15.461538,14.21,11.528571,7.4923077
09/12,27.570002,27.570713,27.377777,27.52077,27.401428,26.957499,23.979334,19.32,16.689285,15.387693,14.181334,11.515,7.5215383
09/13,27.589285,27.603573,27.414444,27.546923,27.474287,26.931665,24.091333,19.389334,16.494999,15.271539,14.1693325,11.564285,7.516154
09/14,27.56,27.615713,27.40375,27.545383,27.48,26.940834,24.286001,19.051332,16.384287,15.326923,14.16,11.581429,7.5076923
09/15,27.572,27.630001,27.408749,27.523075,27.517141,26.955,23.816668,18.926,16.542858,15.373077,14.149334,11.555715,7.473077
09/16,27.610666,27.675714,27.475,27.569231,27.554998,26.993334,23.821999,19.118,16.35,15.233846,14.113333,11.410714,7.4453845
09/17,27.674286,27.683573,27.532223,27.59,27.584286,27.051666,23.93,18.794,16.089285,15.134615,14.0720005,11.388572,7.463846
09/18,27.649332,27.714285,27.56625,27.627693,27.635714,27.098333,23.544666,18.261333,16.022142,15.150768,14.0633335,11.32,7.4076924
09/19,27.722002,27.752857,27.60875,27.65231,27.657145,26.975,23.886665,18.602,16.17,15.219232,14.071334,11.390715,7.402308
09/20,27.775333,27.788572,27.64875,27.677692,27.696428,27.169167,23.576666,18.765999,16.23,15.17077,14.089334,11.32,7.4323077
09/21,27.797333,27.837858,27.70625,27.73077,27.752857,27.226667,22.999332,18.452,15.912857,15.033076,13.988667,11.237857,7.395385
09/22,27.842855,27.872143,27.76,27.77077,27.787857,27.243334,23.052668,18.268,15.857142,14.995385,14.021334,11.2771435,7.4192305
09/23,27.820713,27.866428,27.75875,27.776924,27.815716,27.239166,23.013334,17.973999,15.805715,15.036922,14.024667,11.341429,7.4323077
09/24,27.839285,27.856428,27.74125,27.766924,27.807142,27.2525,22.454,17.672667,15.693572,15.006923,14.066,11.257857,7.416923
09/25,27.822,27.892141,27.76375,27.793846,27.838572,26.998335,22.102667,17.566,15.767143,14.963846,13.994,11.1757145,7.3938465
09/26,27.878666,27.920715,27.84625,27.835386,27.87143,27.075834,22.594667,17.859999,15.851428,15.005385,14.032667,11.182143,7.379231
09/27,27.951334,27.946428,27.9125,27.871538,27.865,27.137499,22.792665,17.902,15.79,14.977693,14.045334,11.307143,7.3715386
09/28,27.94,27.96857,27.94,27.942308,27.880716,27.105833,22.314,17.524666,15.744286,14.922308,14.04,11.276428,7.3715386
09/29,27.936666,27.942142,27.95625,27.954617,27.922144,26.894999,22.068666,17.444,15.7,14.896153,14.0373335,11.178572,7.366154
09/30,27.992668,27.977858,27.9975,27.977692,27.935715,27.026667,22.307333,17.583334,15.760714,14.932307,14.017333,11.11,7.382308
10/01,28.037142,28.018572,28.006666,28.013075,27.962143,26.87,22.227999,17.508,15.773572,14.96,14.043333,11.097143,7.3815384
10/02,28.071333,28.025713,27.994999,28.03,27.960001,27.015833,21.726002,17.316,15.673571,14.915384,14.039333,11.097143,7.369231
10/03,28.107859,28.099287,28.045,28.067692,28.034286,27.058334,21.25,17.18,15.527857,14.799999,13.979334,11.123571,7.328461
10/04,28.113335,28.118572,28.09125,28.11077,28.051428,26.598333,21.503332,17.296,15.562142,14.8246155,13.996,11.139285,7.3484616
10/05,28.124666,28.105,28.11375,28.106924,28.069286,27.011667,22.012667,17.382666,15.610715,14.850769,14.029333,11.102142,7.400769
10/06,28.101427,28.130713,28.14625,28.131538,28.124285,27.276667,21.858,17.203333,15.607142,14.861538,14.068,11.070715,7.3907695
10/07,28.075714,28.135714,28.12375,28.144615,28.15,27.118334,21.860666,17.354668,15.636429,14.904615,14.052,11.175714,7.3530765
10/08,28.127857,28.127857,28.11,28.136923,28.109285,27.156668,21.389334,17.31,15.657143,14.873846,14.014001,11.149285,7.367692
10/09,28.15357,28.133572,28.115,28.154615,28.082857,26.765,21.269999,17.264,15.631429,14.89,14.059333,11.160001,7.386923
10/10,28.195333,28.162142,28.13625,28.150002,28.107143,27.366667,22.370667,17.480665,15.623571,14.872308,14.092,11.151428,7.3846154
10/11,28.227142,28.185,28.15375,28.157692,28.131428,27.106667,22.130667,17.593332,15.729285,14.913076,14.056667,11.179285,7.417692
10/12,28.249285,28.198572,28.18375,28.178463,28.167858,27.360832,21.852,17.403332,15.609285,14.886923,14.02,11.114286,7.4061537
10/13,28.258572,28.239286,28.25875,28.23077,28.17357,27.164167,21.257332,17.122,15.510714,14.831538,13.999333,11.168571,7.366154
10/14,28.248,28.24,28.245,28.24077,28.165714,26.734167,21.15,17.078667,15.419286,14.779231,14.009999,11.126429,7.3615384
10/15,28.258,28.262857,28.233334,28.264286,28.175001,26.763079,21.762667,17.478,15.582857,14.906923,14.038667,11.125,7.411538
10/16,28.261332,28.259287,28.223333,28.285,28.217144,27.046923,21.686666,17.166666,15.508571,14.841538,14.016666,11.108572,7.350769
10/17,28.303572,28.26357,28.206667,28.277859,28.212858,26.804615,21.269999,16.82,15.392858,14.751539,13.992666,11.130714,7.326923
10/18,28.385714,28.290714,28.214443,28.284286,28.228573,26.934614,21.259333,16.848,15.382143,14.769231,14.009334,11.158571,7.3607693
10/19,28.38857,28.344286,28.286667,28.349287,28.261429,26.848461,21.31,17.130667,15.525001,14.896923,14.034667,11.144286,7.3623075
10/20,28.407856,28.380001,28.332222,28.387144,28.258572,26.726154,21.212667,17.134666,15.554285,14.9,14.028,11.068572,7.3407693
10/21,28.469286,28.40643,28.367777,28.412857,28.23,26.542307,21.178001,16.839333,15.405714,14.83077,13.992666,11.107142,7.370769
10/22,28.499285,28.440716,28.397778,28.408571,28.273571,26.376152,21.583334,17.052,15.447143,14.835384,14.045333,11.150714,7.37
10/23,28.476429,28.437857,28.36222,28.4,28.272858,26.630001,21.407331,16.903334,15.477142,14.863846,14.066667,11.138572,7.363077
10/24,28.345715,28.381428,28.275,28.367144,28.277143,26.362307,21.019999,16.924665,15.489286,14.9,14.060667,11.150001,7.366154
10/25,28.34643,28.377142,28.25,28.363571,28.258572,26.7,21.732666,17.122002,15.501429,14.863846,14.02,11.136429,7.3407693
10/26,28.385714,28.380713,28.304445,28.397858,28.325714,26.994616,22.143333,17.512,15.673571,14.916923,14.048,11.219285,7.366154
10/27,28.439285,28.425714,28.38,28.422144,28.29357,26.704617,21.943333,17.294666,15.549286,14.918462,14.08,11.181429,7.3469234
10/28,28.458572,28.455715,28.379002,28.462143,28.226427,26.506924,21.949333,17.247334,15.472143,14.895385,14.082667,11.24,7.3561544
10/29,28.436,28.427856,28.352222,28.449286,28.192858,26.84769,22.026001,17.333334,15.557857,14.866154,14.041333,11.179285,7.4076924
10/30,28.400667,28.402859,28.324444,28.429287,28.15357,26.627693,21.44,17.112,15.501429,14.809999,14.019334,11.055715,7.3561535
10/31,28.402859,28.397142,28.313334,28.427143,28.293573,27.006153,21.801332,17.328001,15.581429,14.848461,14.058667,11.150714,7.4046154
11/01,28.407145,28.434284,28.367777,28.454285,28.217144,26.710768,21.636,17.173334,15.538571,14.863846,14.061999,11.231429,7.3415384
11/02,28.416666,28.400713,28.34,28.429998,28.235714,26.815386,21.571999,17.081333,15.531428,14.886923,14.052,11.139999,7.353846
11/03,28.446001,28.414286,28.38,28.411428,28.23357,26.608461,21.618666,17.162666,15.552142,14.84923,14.044001,11.099286,7.352308
11/04,28.429333,28.428572,28.384445,28.417143,28.23,26.746155,21.519999,17.190668,15.502143,14.813847,14.018001,11.125,7.3276925
11/05,28.386665,28.440716,28.367777,28.399286,28.256428,26.585384,21.369333,17.343332,15.569285,14.792308,14.002666,11.048571,7.2838464
11/06,28.425333,28.435,28.359,28.399286,28.191427,26.336924,21.571999,17.503332,15.591429,14.817693,13.964666,11.114286,7.31
11/07,28.456,28.447144,28.39,28.427143,28.197144,26.734615,21.992,17.310667,15.568571,14.845385,13.986667,11.113571,7.331538
11/08,28.478,28.462143,28.43,28.453571,28.194286,26.69,21.812666,17.094666,15.553572,14.844615,13.973333,11.065001,7.331538
11/09,28.448,28.487858,28.419,28.48643,28.179998,26.44077,22.344,17.478666,15.630714,14.883846,14.014667,11.165,7.3146157
11/10,28.421429,28.464285,28.404444,28.460001,28.245714,26.755384,22.237333,17.226665,15.542857,14.841538,13.966001,11.231429,7.3061543
11/11,28.417334,28.430714,28.373001,28.439285,28.287142,26.49923,21.754,17.050667,15.379286,14.797692,13.97,11.013572,7.278462
11/12,28.403332,28.402859,28.342222,28.407856,28.280714,26.781538,22.21,17.188,15.539286,14.875385,13.994,11.07,7.2984614
11/13,28.418,28.404285,28.383999,28.415714,28.239286,26.83846,22.296667,17.418,15.602143,14.8392315,13.987333,11.115,7.3123074
11/14,28.406668,28.402143,28.355999,28.404999,28.219286,26.556923,21.809334,17.168,15.437142,14.76,13.958667,11.082857,7.287692
11/15,28.466,28.419285,28.362,28.405714,28.23643,26.5175,21.428667,17.101332,15.4964285,14.835384,13.968,11.024285,7.275385
11/16,28.502,28.475714,28.401999,28.46857,28.205715,26.645384,21.230001,17.046667,15.550714,14.863077,14.018001,11.137143,7.332308
11/17,28.5,28.460001,28.369,28.463572,28.227142,26.603077,21.281334,17.119999,15.578572,14.883077,14.007999,11.177142,7.3430767
11/18,28.456667,28.449999,28.348001,28.430714,28.147858,26.743076,21.725334,17.188,15.502143,14.832308,14.053333,11.207857,7.325385
11/19,28.411999,28.428572,28.319,28.390715,28.082142,26.50923,21.691334,17.062666,15.440001,14.836153,14.029333,11.157858,7.350769
11/20,28.377333,28.376429,28.303,28.308573,28.073572,26.583845,21.585333,16.904,15.455714,14.85,14.058667,11.201429,7.3623075
11/21,28.289286,28.30077,28.229,28.3,28.146152,26.869165,21.618572,16.902143,15.573847,14.965833,14.139285,11.304615,7.3875003
11/22,28.26643,28.293846,28.213001,28.253845,28.108461,26.894999,21.399286,16.997858,15.605384,15.026668,14.206429,11.371538,7.429167
11/23,28.287142,28.29357,28.185001,28.217855,28.122858,26.883078,21.970667,17.303999,15.741429,15.045384,14.211333,11.375,7.4346156
11/24,28.230665,28.26357,28.157001,28.217855,28.120714,26.863077,22.335333,17.346,15.663571,14.993077,14.204667,11.321428,7.45
11/25,28.236,28.24643,28.119,28.165714,28.012857,26.82846,22.08,17.51,15.754286,15.032308,14.225333,11.481429,7.4646153
11/26,28.171429,28.165714,28.047,28.107143,27.967855,26.746922,22.348667,17.586666,15.821428,15.026923,14.176666,11.507143,7.4853845
11/27,28.130667,28.15357,28.049,28.099285,27.965714,26.673847,22.685333,17.495333,15.804285,15.094615,14.222,11.473572,7.533077
11/28,28.08,28.144285,28.034,28.052856,27.946428,26.910769,22.850668,17.618666,15.798572,15.085384,14.240001,11.54,7.5400004
11/29,28.029285,28.068335,28.012,27.988462,27.887693,27.004166,22.782856,17.695715,15.846154,15.125833,14.267143,11.601539,7.528333
11/30,28.031668,28.045,28.01,27.992308,27.860832,27.029999,23.303846,17.926924,15.742309,15.125833,14.214615,11.650833,7.5554547
12/01,28.012144,28.029232,28.039999,28.011429,27.86923,26.974167,23.205715,17.927856,15.847143,15.131537,14.299286,11.512308,7.5458336
12/02,28.094286,28.054615,28.064445,28.023573,28.001537,27.259165,23.317858,17.766428,15.851428,15.143077,14.315001,11.596923,7.5141664
12/03,28.177692,28.11154,28.15,28.098572,28.004616,27.162306,22.605,17.696428,15.877143,15.168462,14.286428,11.595385,7.5125003
12/04,28.29857,28.215714,28.204,28.186666,28.070713,27.092144,22.522001,17.438,15.805333,15.11,14.240001,11.643571,7.5561543
12/05,28.22,28.244287,28.229,28.214666,28.11143,26.943571,22.294,17.496668,15.809333,15.101428,14.249332,11.655,7.6061535
12/06,28.217144,28.204285,28.189999,28.194,28.097857,26.800001,22.294,17.514,15.833333,15.075,14.232667,11.679285,7.572308
12/07,28.184666,28.167143,28.176,28.164,28.102858,26.98357,22.342669,17.586668,15.766,15.056429,14.220667,11.6378565,7.5046153
12/08,28.207142,28.17357,28.176998,28.16,28.102858,26.632856,22.038666,17.49,15.812667,15.082857,14.216666,11.608572,7.586154
12/09,28.197144,28.155714,28.179998,28.134666,27.985714,26.716429,21.980665,17.263334,15.778667,15.065714,14.222,11.677857,7.6361537
12/10,28.195002,28.11143,28.135998,28.108,27.973572,26.714285,22.495333,17.817999,15.875334,15.102858,14.259999,11.703572,7.623846
12/11,28.235,28.131428,28.13,28.119333,27.935,26.847857,22.742668,18.123999,15.8133335,15.127858,14.231334,11.7300005,7.6215386
12/12,28.226429,28.16857,28.132,28.144001,27.87143,26.452856,22.668,18.092001,15.888667,15.132857,14.246,11.722143,7.5961537
12/13,28.157145,28.146427,28.123001,28.132666,27.880001,26.553572,23.008,18.049334,15.946,15.156428,14.244666,11.692857,7.602308
12/14,28.098,28.082142,28.046,28.06,27.84,26.702143,23.444,17.998667,16.024666,15.175714,14.298666,11.696428,7.5984616
12/15,28.033571,28.056429,27.965,28.0,27.81,26.630001,23.502,17.876667,15.894,15.107142,14.254,11.7,7.566923
12/16,28.01,28.019285,27.925,27.958668,27.742857,26.747858,23.537333,18.147333,15.968,15.154286,14.254,11.665715,7.6061535
12/17,28.00357,28.01,27.875,27.923334,27.667858,26.879286,23.485332,18.264668,15.898,15.097143,14.243333,11.688571,7.5930767
12/18,28.014668,27.998571,27.804998,27.894667,27.762857,26.926428,23.191334,18.2,15.982667,15.176429,14.282667,11.694285,7.537692
12/19,28.010668,28.004286,27.839,27.928667,27.835714,26.914999,23.054667,18.150667,16.012667,15.155,14.2960005,11.622144,7.5553846
12/20,28.034,28.022858,27.872,27.955334,27.795715,26.599287,23.285334,18.836666,15.977334,15.149285,14.25,11.671428,7.5676923
12/21,27.997334,28.005001,27.853,27.946667,27.762857,26.619287,23.296,18.911999,15.946667,15.115,14.207334,11.678572,7.613077
12/22,28.014,28.010714,27.857,27.938665,27.770716,26.65643,23.150667,18.74,16.053999,15.120714,14.246,11.589999,7.55
12/23,28.014286,27.99643,27.853,27.926666,27.76357,26.67357,23.386665,18.847332,16.072666,15.155714,14.298,11.677857,7.5276923
12/24,28.002666,27.952856,27.829,27.882,27.663572,26.439285,23.481333,18.859335,16.028,15.1285715,14.266001,11.611428,7.5476923
12/25,27.992666,27.953571,27.799,27.864,27.685715,26.290714,23.424665,19.044666,16.082666,15.118571,14.177334,11.579286,7.5953846
12/26,28.019285,27.947857,27.751001,27.879333,27.702856,26.320713,23.266666,18.980001,16.227333,15.190714,14.252,11.578572,7.5746155
12/27,28.014668,27.955,27.771,27.881334,27.648573,26.374285,23.248667,18.866667,16.206,15.175,14.249333,11.577857,7.5415387
12/28,28.024286,27.952856,27.819,27.902,27.645,26.62143,23.525333,18.622667,16.088667,15.122857,14.190001,11.5,7.522308
12/29,28.062666,27.917858,27.758999,27.858667,27.57643,26.635,23.337334,18.496668,15.96,15.067143,14.1779995,11.456429,7.5
12/30,28.075714,27.95143,27.784,27.873333,27.619284,26.738571,23.243334,18.439333,15.986667,15.129286,14.186001,11.495,7.52
12/31,28.131428,27.980715,27.835999,27.911999,27.630001,26.792858,22.934666,18.248,16.008667,15.132143,14.142667,11.482142,7.5415387
