time,1,25,50,75,100,125,150,200,250,300,500,750
01/01,29.06842,29.01737,27.959473,24.915264,21.483685,18.24842,15.449474,11.844211,10.062105,9.242632,7.4973683,5.9226665
01/02,29.047369,29.013685,27.882633,24.972105,21.422632,18.141052,15.447369,11.791053,10.112632,9.247368,7.537369,5.936
01/03,29.017893,28.971054,27.872107,24.872107,21.37421,18.087368,15.425789,11.822105,10.097369,9.202632,7.5078945,5.9293337
01/04,28.976843,28.958422,27.906841,24.844212,21.297369,18.001053,15.312105,11.893684,10.029473,9.1826315,7.5152626,5.9053335
01/05,28.94895,28.921053,27.823158,24.895264,21.431578,18.089474,15.352105,11.764737,10.044737,9.185789,7.524211,5.924667
01/06,28.91579,28.871052,27.958422,25.0,21.273685,17.884737,15.254737,11.819474,10.097895,9.201579,7.510526,5.9266667
01/07,28.891052,28.838947,27.57842,24.736841,21.184736,18.03,15.329999,11.891052,10.043684,9.174211,7.5215793,5.909333
01/08,28.873888,28.826668,27.689999,25.021667,21.541666,18.182222,15.42111,11.85,10.040555,9.167778,7.497778,5.922143
01/09,28.841578,28.798946,27.791054,24.780527,21.337368,17.91158,15.258421,11.749474,10.0673685,9.215263,7.4963164,5.9440002
01/10,28.840525,28.782104,27.563158,24.636843,21.222631,17.81579,15.258421,11.878421,10.083158,9.1826315,7.498421,5.901334
01/11,28.83579,28.765263,27.500526,24.822632,21.231052,17.953684,15.355263,11.76579,10.052106,9.160526,7.4952636,5.9033337
01/12,28.830002,28.77579,27.692106,24.759474,21.26158,17.86579,15.262631,11.748947,10.021579,9.18,7.475789,5.922667
01/13,28.818947,28.76,27.66158,24.713684,21.141052,17.892105,15.203158,11.816842,10.070526,9.1705265,7.511579,5.9
01/14,28.798946,28.743158,27.545263,24.711578,21.138948,17.893158,15.283685,11.812105,10.069474,9.178947,7.501579,5.910667
01/15,28.804213,28.718946,27.677368,24.618422,21.057896,17.680527,15.201053,11.673158,10.014211,9.147368,7.4678946,5.9193335
01/16,28.786112,28.710554,27.672777,24.685555,21.270555,17.97889,15.3516655,11.791667,10.103333,9.224444,7.513334,5.8964286
01/17,28.757896,28.711054,27.621578,24.611052,21.067368,17.79842,15.172105,11.691052,10.017895,9.164737,7.5031576,5.9153333
01/18,28.740526,28.681053,27.52,24.344736,20.982632,17.80421,15.184211,11.769473,10.032105,9.156316,7.4805264,5.9086666
01/19,28.738947,28.667368,27.49737,24.482632,21.069473,17.740526,15.021052,11.683684,10.013684,9.168948,7.4857893,5.908
01/20,28.725788,28.64421,27.288946,24.494211,21.062632,17.731052,15.187895,11.733157,10.031053,9.177895,7.4915786,5.9066668
01/21,28.704737,28.657368,27.402634,24.372631,20.925264,17.561579,15.003158,11.6268425,9.996315,9.1547365,7.4836845,5.912667
01/22,28.699999,28.646317,27.202631,24.21579,20.801052,17.69421,15.0673685,11.690526,10.006843,9.121053,7.4721055,5.9213333
01/23,28.69158,28.629475,27.234737,24.37421,20.941053,17.640528,15.0078945,11.690526,9.956841,9.129474,7.49,5.902
01/24,28.660526,28.621052,27.275263,24.29421,20.77,17.512106,14.967369,11.630527,9.966316,9.12579,7.4678946,5.89
01/25,28.649471,28.597366,27.296316,24.269474,20.71842,17.525263,15.034737,11.650001,10.0,9.16,7.476316,5.9213333
01/26,28.659998,28.580528,27.160526,24.182104,20.796316,17.598948,15.0636835,11.663158,9.97158,9.147895,7.4731584,5.904
01/27,28.688946,28.575262,27.330002,24.26158,20.934738,17.62,15.007369,11.597895,9.966842,9.163684,7.4684205,5.9046664
01/28,28.627367,28.54,27.216843,24.202105,20.752106,17.605263,15.084736,11.712105,10.029473,9.190526,7.4589477,5.898667
01/29,28.60684,28.523685,27.082106,24.201578,20.73,17.55158,14.934737,11.614737,9.993157,9.126315,7.4726315,5.9046664
01/30,28.58421,28.534735,27.112633,24.155788,20.864737,17.689474,15.135789,11.61,9.973684,9.141579,7.4610524,5.924667
01/31,28.541578,28.506842,27.118422,24.08842,20.676315,17.47,14.96579,11.553158,10.01,9.169474,7.4615793,5.92
02/01,28.516842,28.479473,27.264212,24.177368,20.774736,17.608948,15.002106,11.603684,10.002632,9.135263,7.4694734,5.9006667
02/02,28.530527,28.472631,27.05737,24.051052,20.799475,17.542105,14.966315,11.649473,10.002632,9.111579,7.4731584,5.9346666
02/03,28.532104,28.474737,27.273157,24.098421,20.761053,17.419998,14.868948,11.524211,10.012631,9.159473,7.4857893,5.9206667
02/04,28.486315,28.452631,27.112106,24.028421,20.732105,17.547369,14.881579,11.603684,10.056842,9.14842,7.4726315,5.939333
02/05,28.485262,28.43421,27.208422,24.026842,20.796843,17.44421,14.763684,11.6231575,10.027895,9.116842,7.4594736,5.9179997
02/06,28.460526,28.401579,27.156841,23.99263,20.643158,17.527895,14.935789,11.6547365,10.043159,9.146842,7.476842,5.926
02/07,28.468422,28.401052,27.133682,23.687895,20.511053,17.507895,14.975263,11.608948,10.039474,9.159473,7.475263,5.939333
02/08,28.455788,28.402105,27.048946,23.839474,20.709475,17.571579,15.012106,11.705263,10.063684,9.169474,7.4726315,5.938667
02/09,28.457895,28.382633,27.054735,23.80421,20.467896,17.402105,14.869473,11.657369,10.021579,9.143684,7.4836845,5.949333
02/10,28.417894,28.367367,27.083158,23.745264,20.456314,17.555262,15.116842,11.750526,10.089474,9.154211,7.4742103,5.9273334
02/11,28.387894,28.351578,27.144737,23.884737,20.554737,17.50421,15.005263,11.7021055,10.059474,9.1389475,7.4831576,5.938
02/12,28.385263,28.348421,26.900528,23.736841,20.503159,17.482632,14.993157,11.693158,10.053158,9.100527,7.4926314,5.966
02/13,28.382105,28.349474,27.044735,23.966843,20.549475,17.442104,15.08579,11.780001,10.061579,9.122632,7.4689474,5.946
02/14,28.39579,28.346844,27.027893,23.887367,20.511053,17.431053,15.041053,11.66,9.997368,9.157895,7.481579,5.9573336
02/15,28.427368,28.362633,27.086843,24.111052,20.651579,17.654211,15.059474,11.663158,10.052631,9.156842,7.506842,5.963333
02/16,28.426315,28.371052,27.05842,24.021051,20.73579,17.638948,15.072105,11.791578,10.068947,9.160526,7.4921055,5.950667
02/17,28.417894,28.37,27.154737,24.081053,20.836842,17.653685,15.19,11.697894,10.004737,9.140526,7.53,5.98
02/18,28.43895,28.389475,27.057894,23.95421,20.738947,17.777369,15.21579,11.601052,10.013158,9.2021055,7.5257897,5.989333
02/19,28.443157,28.394737,26.975788,23.93579,20.773685,17.870527,15.296843,11.788947,10.103684,9.22158,7.5268416,5.968
02/20,28.456314,28.404211,26.913158,23.943684,20.81842,17.78,15.316317,11.735789,10.017895,9.186842,7.5399995,6.0033336
02/21,28.44421,28.402634,27.112633,23.905262,20.734735,17.790525,15.344211,11.770526,10.076316,9.245263,7.5399995,5.988
02/22,28.440527,28.378948,26.857368,23.788422,20.632105,17.747894,15.271579,11.766315,10.096842,9.229474,7.5399995,5.9913335
02/23,28.43895,28.375263,26.711054,23.82579,20.821053,17.846315,15.37,11.782105,10.081052,9.219474,7.542105,5.9926667
02/24,28.441053,28.368948,26.881052,23.913158,20.635788,17.666843,15.317895,11.808421,10.066842,9.210526,7.553684,5.974
02/25,28.444738,28.355263,26.771051,23.890528,20.611053,17.603683,15.296843,11.836842,10.117895,9.25,7.546842,5.986
02/26,28.435265,28.383682,26.744736,23.71842,20.53,17.72842,15.354211,11.883685,10.138421,9.251053,7.5389476,5.990667
02/27,28.407368,28.362106,26.857895,23.878422,20.76263,17.754736,15.288947,11.9047365,10.160526,9.269473,7.557895,5.9933333
02/28,28.407368,28.367367,26.877893,24.054737,20.748947,17.635788,15.363157,11.9484215,10.137368,9.227895,7.5547366,6.0066667
02/29,28.539999,28.512,27.316,24.39,20.696,17.298,14.906,11.58,9.892,9.11,7.47,6.01
03/01,28.445265,28.385263,26.974737,23.976843,20.618948,17.783157,15.496315,11.945789,10.134737,9.242632,7.569474,6.014
03/02,28.450525,28.38579,27.074736,24.221579,21.009474,17.983158,15.5357895,12.009473,10.195789,9.272105,7.5668426,5.9919996
03/03,28.462107,28.387367,27.04842,24.180527,20.960526,17.981579,15.536842,12.038948,10.202632,9.263158,7.5768423,6.0206666
03/04,28.46,28.388422,27.409475,24.235264,20.917368,17.92,15.509473,12.053684,10.157895,9.259473,7.5736837,6.0333333
03/05,28.435791,28.347895,27.333158,24.286842,21.039474,17.93579,15.598421,12.01579,10.213684,9.296842,7.5736837,6.02
03/06,28.446842,28.388948,27.387367,24.398947,21.106842,18.03,15.670526,12.131053,10.274737,9.323158,7.549474,5.988667
03/07,28.472103,28.390526,27.430527,24.486841,21.20579,18.092106,15.600527,12.113685,10.220527,9.287369,7.5542107,6.026
03/08,28.513159,28.432106,27.364737,24.615263,21.276316,18.153685,15.747894,12.089474,10.252105,9.335263,7.5563164,6.025333
03/09,28.568947,28.44895,27.386316,24.58842,21.23579,18.087368,15.558948,12.1147375,10.285263,9.332105,7.5515785,5.9960003
03/10,28.587894,28.437368,27.455788,24.715263,21.224737,18.183159,15.724736,12.121579,10.292106,9.33421,7.535263,6.0299997
03/11,28.568947,28.452106,27.439999,24.813684,21.33,18.208948,15.603157,12.128421,10.27,9.282631,7.541579,6.011333
03/12,28.52,28.462631,27.39579,24.788422,21.398422,18.122631,15.6584215,12.167368,10.325789,9.275263,7.5399995,6.0286665
03/13,28.516315,28.426315,27.429472,24.853157,21.33842,18.190527,15.610527,12.118947,10.364737,9.302631,7.5178947,6.016
03/14,28.49737,28.431053,27.424738,24.868422,21.386843,18.354736,15.775789,12.197369,10.278948,9.270526,7.518421,6.034667
03/15,28.521053,28.446314,27.467896,24.92158,21.453157,18.297369,15.755789,12.174211,10.326316,9.306316,7.5631576,6.0293336
03/16,28.485262,28.445787,27.54842,25.05842,21.521051,18.255264,15.814737,12.185264,10.353158,9.3015785,7.5268416,6.023333
03/17,28.514738,28.465788,27.486841,25.015789,21.482632,18.252106,15.859473,12.07,10.28,9.291579,7.548421,6.0386667
03/18,28.587366,28.468422,27.45158,24.949999,21.57579,18.452105,15.924737,12.158948,10.313158,9.306315,7.522105,6.0146666
03/19,28.628948,28.470526,27.48,24.953157,21.693684,18.379473,15.825263,12.099999,10.341579,9.327894,7.529474,6.026
03/20,28.621578,28.492104,27.574736,24.986315,21.833158,18.573158,15.896843,12.166842,10.287895,9.284737,7.523158,6.030667
03/21,28.685791,28.516315,27.514738,24.927368,21.783157,18.629473,16.113157,12.279473,10.298421,9.322105,7.5152626,5.9873333
03/22,28.658949,28.516842,27.618422,24.863157,21.873158,18.686842,15.9763155,12.203158,10.304737,9.268421,7.5410523,6.0186667
03/23,28.676315,28.55105,27.550528,25.037895,21.932104,18.740526,16.092106,12.218947,10.346316,9.313158,7.535263,6.0106664
03/24,28.724737,28.55842,27.601578,25.043158,22.031052,18.847368,16.016842,12.205263,10.278948,9.296842,7.5326314,6.0193334
03/25,28.796316,28.588947,27.696842,25.054737,21.956316,18.77579,16.04,12.303684,10.349999,9.301053,7.5278945,6.0246663
03/26,28.739473,28.592106,27.646841,25.076841,21.98579,18.866842,16.116842,12.21579,10.282631,9.2978945,7.5147367,6.011333
03/27,28.741581,28.6,27.616318,25.156317,22.062632,18.83158,15.969475,12.1984215,10.266843,9.314736,7.5089474,5.988667
03/28,28.743685,28.65,27.670527,25.158947,22.157894,18.928421,16.202631,12.283158,10.281579,9.304737,7.5063157,6.0
03/29,28.785263,28.658422,27.777369,25.211578,22.226843,18.95579,16.134737,12.267368,10.33579,9.297368,7.511053,6.001333
03/30,28.759474,28.648422,27.836317,25.226843,22.377367,19.101051,16.101053,12.207369,10.246842,9.265263,7.5178947,5.9779997
03/31,28.723158,28.653683,27.87421,25.412632,22.309473,18.977894,16.205263,12.344737,10.268948,9.287369,7.5021048,5.9919996
04/01,28.74,28.661053,27.93895,25.411053,22.45316,19.037895,16.091053,12.25,10.301053,9.268421,7.4857893,5.998667
04/02,28.758419,28.686842,27.883682,25.452631,22.361578,19.152105,16.231052,12.297368,10.311579,9.276842,7.4857893,6.002667
04/03,28.81842,28.690527,27.89579,25.576841,22.502106,19.167894,16.340527,12.325263,10.279473,9.269473,7.488421,5.9913335
04/04,28.863686,28.723158,27.991053,25.669474,22.676315,19.121578,16.25158,12.348421,10.351579,9.317895,7.511053,5.9993334
04/05,28.881052,28.774212,28.02,25.53421,22.615263,19.24842,16.373684,12.431579,10.400001,9.317894,7.501053,5.9993334
04/06,28.94421,28.814209,28.090002,25.832106,22.77579,19.442104,16.382105,12.378421,10.358421,9.307368,7.512105,6.011333
04/07,28.968422,28.826843,28.08158,25.764736,22.78158,19.390526,16.353157,12.425263,10.327369,9.310526,7.5021048,5.983333
04/08,28.984211,28.851578,28.085262,25.986841,22.799475,19.547895,16.439474,12.409473,10.381579,9.33,7.506842,5.9866667
04/09,28.97158,28.85579,28.00737,25.846842,22.868948,19.517895,16.457369,12.393684,10.412631,9.344737,7.5052633,5.9853334
04/10,29.02842,28.88421,28.108421,25.785263,22.925262,19.54421,16.41158,12.408421,10.338947,9.296316,7.5094743,5.9773335
04/11,29.014212,28.9,28.226315,25.932104,22.959475,19.662106,16.568947,12.407369,10.389473,9.3768425,7.512105,5.9946666
04/12,29.072105,28.93421,28.265789,26.021051,22.932104,19.616842,16.641579,12.423684,10.401579,9.388421,7.4926314,5.990667
04/13,29.139475,28.92579,28.083158,25.95421,23.046843,19.748947,16.696842,12.446842,10.431579,9.381579,7.4952636,6.0073333
04/14,29.066843,28.91421,28.365263,26.285263,23.147367,19.730526,16.670527,12.422106,10.403684,9.384211,7.524737,6.0
04/15,29.062105,28.949999,28.340525,26.136316,23.08842,19.759474,16.747894,12.5236845,10.393684,9.396316,7.5263157,6.0066667
04/16,29.09611,28.970001,28.247223,26.125557,23.006666,19.53111,16.567778,12.247778,10.3116665,9.345555,7.5127773,6.0449996
04/17,29.173683,29.015263,28.274734,26.364737,23.250526,19.895788,16.766842,12.491579,10.388421,9.3768425,7.5163155,6.0059996
04/18,29.283157,29.054735,28.435791,26.410526,23.355263,19.949999,16.882105,12.492632,10.390526,9.367368,7.511053,5.9826665
04/19,29.259474,29.055262,28.340002,26.4,23.376842,20.032104,16.95421,12.676316,10.416842,9.389473,7.488948,6.0006666
04/20,29.199472,29.047894,28.306843,26.462631,23.474737,20.165262,17.01263,12.553158,10.436842,9.376315,7.5210524,5.9933333
04/21,29.231054,29.079473,28.350525,26.421053,23.473684,20.149473,17.019474,12.629474,10.407895,9.384737,7.5194736,5.9713335
04/22,29.245789,29.1,28.39,26.464737,23.547895,20.21737,17.16421,12.611579,10.487369,9.353684,7.542105,5.974
04/23,29.234211,29.108421,28.350525,26.492105,23.65,20.336842,17.183159,12.768421,10.44,9.363157,7.5457892,5.998
04/24,29.302105,29.15579,28.404211,26.490526,23.626842,20.207895,17.101053,12.738421,10.455263,9.41421,7.5615788,6.004667
04/25,29.35,29.167368,28.408949,26.458948,23.713158,20.47737,17.24,12.789474,10.451053,9.412631,7.5626316,5.978667
04/26,29.423157,29.177368,28.369474,26.411053,23.72737,20.613157,17.29421,12.787895,10.50421,9.388421,7.573158,5.9966664
04/27,29.455788,29.263685,28.352106,26.395788,23.782104,20.626316,17.210526,12.848421,10.472631,9.391579,7.5763154,6.0053334
04/28,29.492104,29.247896,28.319473,26.424738,23.774736,20.593683,17.337894,12.867895,10.555789,9.433158,7.5989475,5.998667
04/29,29.561579,29.312632,28.499474,26.351051,23.672104,20.688948,17.455263,12.899473,10.538948,9.41,7.5684214,5.998667
04/30,29.62,29.33842,28.406841,26.388947,23.652105,20.845263,17.50579,12.933683,10.541578,9.456316,7.6,6.001333
05/01,29.606318,29.349474,28.444738,26.574211,23.705263,20.902632,17.565262,12.978948,10.573158,9.422631,7.5994735,5.9940004
05/02,29.618948,29.382105,28.387367,26.455263,23.647894,20.744211,17.617895,12.982632,10.599999,9.444211,7.5652633,6.011333
05/03,29.642105,29.420527,28.451054,26.472631,23.718948,20.749474,17.688421,13.071579,10.6110525,9.426842,7.59421,6.008
05/04,29.642105,29.416842,28.566317,26.398949,23.671053,20.770527,17.653158,13.005263,10.651579,9.4763155,7.5915794,6.0006666
05/05,29.638422,29.411053,28.382633,26.397894,23.855263,20.842632,17.607368,13.062106,10.643158,9.481052,7.5989475,6.02
05/06,29.607367,29.402105,28.447895,26.493158,23.869473,20.896843,17.66421,13.078947,10.652631,9.497895,7.6273685,6.014
05/07,29.590525,29.417368,28.366844,26.459473,23.801052,20.962631,17.811579,12.998947,10.625263,9.481579,7.6489472,6.016667
05/08,29.619474,29.397367,28.368948,26.300001,23.722105,20.904211,17.81842,13.074211,10.6705265,9.517368,7.605789,6.032
05/09,29.550528,29.36421,28.313684,26.292105,23.699474,20.867895,17.666842,13.042106,10.634211,9.51579,7.6105266,6.024
05/10,29.545263,29.377893,28.336317,26.225264,23.803158,20.907368,17.75263,12.998947,10.66,9.496315,7.6152635,6.025333
05/11,29.586843,29.413683,28.321579,26.212631,23.827368,20.919474,17.857368,12.993157,10.612632,9.491053,7.578421,6.0146666
05/12,29.654737,29.429998,28.457895,26.346315,23.726315,20.839474,17.70421,13.11,10.663158,9.484737,7.584737,6.0360003
05/13,29.683683,29.430527,28.491581,26.578947,23.826841,20.842106,17.71579,13.080526,10.5952635,9.509473,7.6157894,5.9946666
05/14,29.715265,29.447895,28.529474,26.561579,23.877893,20.852106,17.757368,13.103158,10.649473,9.464737,7.5689473,6.0086665
05/15,29.713158,29.538946,28.546316,26.613157,23.919474,20.981579,17.754736,13.220527,10.668421,9.4363165,7.581579,6.02
05/16,29.703157,29.52,28.518946,26.641579,24.145788,21.01,17.777369,13.197894,10.685264,9.454737,7.561053,5.9873333
05/17,29.75263,29.53,28.514738,26.613684,24.00842,20.93579,17.732105,13.189474,10.656316,9.401579,7.5305266,5.978667
05/18,29.750526,29.544735,28.590528,26.498947,24.097895,20.931053,17.852106,13.174211,10.661579,9.433684,7.537369,5.988667
05/19,29.795263,29.554209,28.55842,26.526842,23.97842,21.03421,17.710526,13.12579,10.742632,9.4484215,7.5426316,5.962
05/20,29.723158,29.53263,28.54579,26.618422,23.936842,20.87421,17.73,13.211052,10.757368,9.433684,7.5200005,5.974667
05/21,29.745789,29.531578,28.503685,26.47737,23.844212,20.947895,17.833157,13.175789,10.686316,9.488947,7.513684,5.955333
05/22,29.836843,29.593159,28.560528,26.481579,23.848421,20.928421,17.821579,13.265264,10.783158,9.503158,7.534737,5.9573336
05/23,29.816843,29.589474,28.465788,26.389473,23.864212,20.878948,17.771051,13.2421055,10.786316,9.454211,7.5200005,5.9446664
05/24,29.870525,29.604736,28.38421,26.437895,23.836842,20.883684,17.879473,13.285263,10.667368,9.462632,7.5263157,5.9266667
05/25,29.84421,29.586317,28.409475,26.371052,23.721054,20.784737,17.770527,13.25,10.729474,9.467369,7.5189476,5.9533334
05/26,29.826317,29.572632,28.37316,26.348948,23.753685,20.799475,17.768421,13.359474,10.734736,9.430526,7.5189476,5.9546666
05/27,29.817894,29.603159,28.37684,26.51158,23.942633,20.964737,17.925262,13.338421,10.695789,9.428947,7.513158,5.9800005
05/28,29.82105,29.609474,28.321579,26.381052,23.857895,20.881052,17.902632,13.33421,10.753685,9.450526,7.5094743,5.94
05/29,29.834736,29.596844,28.361052,26.41,23.960526,20.865263,17.898949,13.381579,10.760526,9.4642105,7.499474,5.952
05/30,29.895264,29.608421,28.320002,26.45158,23.857368,20.76158,17.96421,13.367369,10.758947,9.453158,7.5078945,5.9613333
05/31,29.917368,29.54842,28.304213,26.349474,23.802105,20.776316,17.93158,13.322632,10.772632,9.473684,7.513158,5.946
06/01,29.994211,29.589474,28.344736,26.380527,23.871578,20.773685,17.917368,13.412106,10.768948,9.522105,7.525263,5.94
06/02,29.933683,29.608948,28.46158,26.43421,23.715263,20.742105,17.874212,13.363685,10.758421,9.525263,7.5384207,5.962
06/03,29.945791,29.682632,28.401052,26.380527,23.836842,20.844212,17.775263,13.343684,10.810526,9.561053,7.51,5.958667
06/04,29.964737,29.667894,28.41579,26.499474,23.80421,20.755264,17.783684,13.308421,10.814211,9.550527,7.5621047,5.9413333
06/05,29.933683,29.66263,28.42579,26.471054,23.860527,20.72842,17.758947,13.358421,10.797368,9.547368,7.5636845,5.962
06/06,29.994211,29.691053,28.509474,26.554737,23.836315,20.851053,17.765265,13.292106,10.719999,9.545789,7.547895,5.9613333
06/07,29.968422,29.687895,28.464737,26.41421,23.866316,20.972105,17.910526,13.222105,10.805789,9.570526,7.561053,5.974667
06/08,29.936842,29.705788,28.32579,26.41158,23.990526,20.953684,17.96,13.232105,10.815264,9.590527,7.5684214,5.998667
06/09,29.968422,29.677895,28.479473,26.436842,23.952105,20.861052,17.917894,13.191052,10.770526,9.583158,7.5547366,5.9773335
06/10,29.924738,29.725266,28.441053,26.438948,23.943684,20.94158,17.857895,13.088421,10.825789,9.584737,7.546316,5.988
06/11,29.907894,29.69421,28.492104,26.422632,23.891579,20.962105,17.706842,13.115263,10.804211,9.536842,7.53,5.9733334
06/12,29.890526,29.697895,28.404737,26.376842,23.806843,20.85263,17.870527,13.083684,10.791578,9.514211,7.5552635,5.966
06/13,29.903683,29.779442,28.428421,26.38579,23.686842,20.856842,17.695263,13.004737,10.742632,9.526842,7.5378947,5.949333
06/14,29.786842,29.675264,28.356318,26.344736,23.548422,20.572105,17.510527,12.983685,10.683158,9.522105,7.5552635,5.976667
06/15,29.654211,29.572632,28.328947,26.206842,23.486841,20.347368,17.398949,13.014737,10.6547365,9.514211,7.5394735,5.9700003
06/16,29.662634,29.61316,28.54842,26.339474,23.511053,20.375263,17.441053,12.906316,10.646843,9.498421,7.5573683,5.9473333
06/17,29.74263,29.606844,28.680527,26.407894,23.479473,20.160526,17.269474,12.908421,10.653158,9.503158,7.5515785,5.960667
06/18,29.753159,29.611052,28.656315,26.362633,23.384737,20.077368,17.214737,12.902631,10.678947,9.501579,7.529474,5.952
06/19,29.748423,29.644737,28.704737,26.429474,23.202631,20.095263,17.079473,12.799474,10.645263,9.481579,7.5384207,5.9526668
06/20,29.758419,29.600525,28.656841,26.426842,23.354212,20.127893,17.101578,12.828422,10.594211,9.4763155,7.5521054,5.956
06/21,29.666842,29.550001,28.615263,26.311579,23.30579,20.123158,17.041052,12.841579,10.697369,9.482632,7.553684,5.965333
06/22,29.611578,29.529474,28.572632,26.396843,23.346842,20.078947,16.965263,12.804211,10.649473,9.484736,7.535789,5.9793334
06/23,29.65579,29.550001,28.514212,26.151052,23.198421,20.018421,17.01421,12.803158,10.66421,9.446316,7.535263,5.9713335
06/24,29.672106,29.53263,28.486841,25.985264,23.092632,19.965263,16.918947,12.694211,10.644211,9.509473,7.546842,5.9926667
06/25,29.673157,29.519474,28.443684,26.01158,23.232105,19.995264,16.938948,12.777895,10.59,9.468421,7.53,5.978667
06/26,29.628948,29.496315,28.468948,26.037895,23.084211,19.926842,16.94316,12.704737,10.5673685,9.487895,7.5436845,5.9820004
06/27,29.63,29.496841,28.409475,25.978949,22.928947,20.03158,17.016842,12.71,10.625263,9.512631,7.5631576,5.962667
06/28,29.662106,29.521053,28.451054,25.912106,23.081053,19.993158,16.990526,12.710526,10.581579,9.503158,7.553684,5.998
06/29,29.622633,29.504211,28.439999,25.973158,23.119473,20.028421,16.93,12.675789,10.616842,9.503685,7.5684214,5.998667
06/30,29.660526,29.496841,28.528946,26.071579,23.068947,19.979473,16.846842,12.695263,10.609474,9.48,7.5663157,5.9680004
07/01,29.660526,29.483158,28.539474,26.072632,23.100527,20.042105,16.937895,12.638421,10.584737,9.459474,7.571579,5.997333
07/02,29.613684,29.44263,28.467896,25.901052,23.016842,20.06421,16.973158,12.748421,10.571579,9.491053,7.581579,5.9933333
07/03,29.567894,29.420527,28.429472,25.929998,23.027895,20.029474,16.915264,12.645264,10.563158,9.468421,7.5742106,5.990667
07/04,29.56579,29.433683,28.46158,26.114212,23.158422,20.070002,17.057896,12.727368,10.580526,9.453684,7.5910525,5.9913335
07/05,29.527369,29.392105,28.508947,26.08579,23.123684,20.07842,17.027895,12.763158,10.575789,9.450526,7.6031585,5.99
07/06,29.535557,29.371666,28.608334,26.273888,23.350555,20.344444,17.331667,12.733889,10.556667,9.440556,7.5866666,5.9907146
07/07,29.64579,29.41895,28.546316,26.166843,23.143158,20.213684,17.122633,12.73421,10.536316,9.437894,7.596842,5.9933333
07/08,29.552631,29.433157,28.667894,26.256842,23.336317,20.236841,17.195263,12.655263,10.557368,9.478948,7.605263,6.014
07/09,29.58421,29.397367,28.68158,26.251053,23.378422,20.319473,17.229473,12.7263155,10.54421,9.457369,7.6094737,6.002667
07/10,29.585262,29.406315,28.66842,26.388947,23.296316,20.366316,17.16842,12.793159,10.573158,9.465263,7.596842,6.01
07/11,29.658422,29.426842,28.772104,26.383158,23.403158,20.449999,17.268421,12.721052,10.573158,9.494737,7.5873685,6.0266666
07/12,29.603159,29.437368,28.723158,26.341053,23.379473,20.482632,17.295263,12.708947,10.562632,9.476842,7.5794735,6.0313334
07/13,29.608421,29.422106,28.703157,26.448948,23.537369,20.476315,17.273685,12.878947,10.563158,9.512631,7.578421,6.0193334
07/14,29.571579,29.409475,28.776842,26.418947,23.403158,20.392105,17.346315,12.761052,10.593684,9.517895,7.5905266,6.0293336
07/15,29.562632,29.382633,28.821579,26.439999,23.533686,20.401579,17.416843,12.806316,10.5952635,9.5078945,7.571579,6.0319996
07/16,29.57842,29.377367,28.823685,26.462631,23.438421,20.390528,17.382105,12.841579,10.674211,9.538947,7.5642104,6.0179996
07/17,29.583158,29.369474,28.813158,26.424738,23.44158,20.215263,17.297369,12.879474,10.613158,9.531579,7.572105,5.9820004
07/18,29.595789,29.371052,28.85,26.382631,23.43,20.292105,17.426842,12.936842,10.651052,9.547368,7.5568423,6.0039997
07/19,29.58105,29.391579,28.87421,26.324738,23.53421,20.42,17.423159,12.76,10.643158,9.542631,7.5636845,5.99
07/20,29.577368,29.406315,28.78842,26.404211,23.43421,20.399473,17.39,12.862105,10.631053,9.528948,7.5668426,5.9826665
07/21,29.566843,29.394737,28.808947,26.449474,23.53,20.436842,17.346842,12.771052,10.576842,9.517368,7.5773683,5.9960003
07/22,29.558947,29.388422,28.796843,26.423683,23.462105,20.429474,17.518421,12.799474,10.632105,9.521579,7.5926313,5.9733334
07/23,29.52579,29.38684,28.823685,26.422222,23.499474,20.334211,17.314737,12.8452635,10.617368,9.497368,7.5657897,6.0086665
07/24,29.53842,29.367895,28.821579,26.495554,23.583685,20.352106,17.315262,12.883684,10.683158,9.504737,7.6031585,5.9913335
07/25,29.495262,29.333158,28.727896,26.562778,23.56579,20.416315,17.45579,12.815789,10.587894,9.501579,7.595263,5.9946666
07/26,29.46,29.341578,28.791052,26.59,23.65,20.290525,17.23263,12.811053,10.609474,9.49579,7.5789475,6.0006666
07/27,29.41421,29.332632,28.781054,26.437222,23.543686,20.298422,17.289474,12.891579,10.599999,9.469999,7.572632,5.9873333
07/28,29.399475,29.323158,28.754211,26.545,23.54421,20.267895,17.312632,12.839474,10.556316,9.473684,7.5810523,6.0033336
07/29,29.393156,29.33158,28.806843,26.488335,23.576317,20.32842,17.298946,12.88579,10.601052,9.466842,7.5742106,5.9946666
07/30,29.38421,29.311579,28.807894,26.40611,23.560526,20.156317,17.283157,12.925789,10.57,9.454211,7.547368,5.9806666
07/31,29.333685,29.293686,28.714737,26.53222,23.628422,20.220526,17.202631,12.922106,10.509473,9.442632,7.561053,5.9706664
08/01,29.336317,29.307894,28.722103,26.407778,23.54158,20.304737,17.421053,12.978421,10.6389475,9.446316,7.5636845,5.965333
08/02,29.348948,29.287893,28.676315,26.495,23.579473,20.260527,17.352633,12.888421,10.598948,9.471579,7.5689473,5.9793334
08/03,29.310001,29.274734,28.771578,26.515556,23.557367,20.325262,17.322632,12.937894,10.571579,9.472631,7.5668426,5.9440002
08/04,29.275263,29.234737,28.764738,26.41,23.548946,20.317896,17.392105,12.985789,10.617894,9.448947,7.564737,5.98
08/05,29.291054,29.218946,28.63421,26.530556,23.666842,20.401052,17.318947,13.055789,10.623685,9.47579,7.584211,5.922667
08/06,29.262104,29.204737,28.751581,26.555,23.53158,20.309473,17.276842,13.032631,10.64579,9.486316,7.5557895,5.9793334
08/07,29.265263,29.17158,28.813158,26.667778,23.721579,20.479473,17.316317,12.918421,10.637368,9.49579,7.5742106,5.9473333
08/08,29.241053,29.169998,28.849474,26.71778,23.573158,20.341578,17.277369,12.986316,10.731579,9.502632,7.5752635,5.9293337
08/09,29.336317,29.157894,28.766842,26.681665,23.75,20.368948,17.309473,13.012105,10.602632,9.462631,7.559474,5.9593334
08/10,29.324736,29.160526,28.813684,26.846111,23.847895,20.416315,17.351578,13.008947,10.706841,9.548947,7.5805264,5.936667
08/11,29.351051,29.178421,28.837894,26.931665,23.813158,20.381578,17.345263,13.048421,10.722105,9.52842,7.5652633,5.9319997
08/12,29.307894,29.178421,28.867895,26.893333,23.773157,20.49842,17.368948,13.031579,10.755263,9.519473,7.5810533,5.944
08/13,29.33158,29.162634,28.86579,26.866667,23.938948,20.56421,17.44579,12.987369,10.754737,9.5515785,7.5894737,5.9466662
08/14,29.325262,29.163157,28.942106,26.905556,23.939474,20.58,17.586317,13.119473,10.794737,9.54,7.5800004,5.937333
08/15,29.354736,29.164738,28.871052,26.923332,23.925789,20.705263,17.612633,13.167369,10.841052,9.53421,7.585263,5.941333
08/16,29.377367,29.188421,28.903156,26.85389,23.811052,20.680527,17.515265,13.046842,10.782631,9.54421,7.594737,5.949333
08/17,29.357367,29.207369,28.94895,26.806112,23.892632,20.658422,17.647894,13.179474,10.784211,9.531579,7.5857897,5.9466662
08/18,29.312632,29.212107,28.881052,26.900555,23.908422,20.786316,17.632631,13.168948,10.83,9.542631,7.573158,5.9613333
08/19,29.396315,29.207369,28.960526,27.067778,23.958948,20.838947,17.606316,13.232632,10.802631,9.538421,7.5868416,5.9333334
08/20,29.347366,29.22,28.946314,27.05889,23.941578,20.838947,17.662104,13.218421,10.824737,9.575263,7.5689473,5.9566665
08/21,29.315262,29.23737,28.977896,26.998333,24.08158,21.000526,17.792107,13.178947,10.833684,9.572632,7.59579,5.9293337
08/22,29.393682,29.247896,28.900526,27.102777,24.127893,20.814737,17.807896,13.180526,10.881053,9.549474,7.5805264,5.952
08/23,29.478333,29.264444,28.921669,27.113888,24.108334,20.825,17.574444,13.165555,10.757222,9.56,7.5833335,5.950714
08/24,29.407894,29.265263,28.953684,27.164738,24.253685,20.939474,17.706842,13.24,10.761053,9.558948,7.5873685,5.9266667
08/25,29.369474,29.208946,28.935787,27.23737,24.308947,20.97,17.753685,13.222105,10.8731575,9.557368,7.583684,5.949333
08/26,29.41421,29.222631,28.93895,27.193157,24.31579,20.874737,17.686842,13.187895,10.761052,9.571579,7.5636845,5.9306664
08/27,29.38316,29.23158,28.90579,27.18421,24.24158,20.998947,17.732105,13.185789,10.763684,9.566842,7.571053,5.936
08/28,29.454737,29.246315,28.928421,27.154211,24.358421,20.932104,17.51263,13.026316,10.774211,9.543684,7.5394735,5.934
08/29,29.484211,29.276842,28.892105,27.104736,24.35,20.805262,17.53421,13.063158,10.762631,9.52842,7.535789,5.9446664
08/30,29.431053,29.282104,28.921053,27.222631,24.183159,20.825262,17.636316,12.953684,10.696316,9.533158,7.548947,5.9306664
08/31,29.362633,29.273685,28.893682,27.008419,24.342632,21.030525,17.731579,13.013684,10.654211,9.514737,7.5626316,5.9173336
09/01,29.453157,29.274738,28.948946,27.14,24.265789,20.80158,17.597895,12.833684,10.650001,9.467369,7.5426316,5.913333
09/02,29.499474,29.276842,28.891579,27.236841,24.25421,20.88,17.705263,12.987895,10.573685,9.472631,7.5642104,5.9013333
09/03,29.476843,29.295263,28.917894,27.243685,24.357368,20.998947,17.78263,12.878421,10.601579,9.5,7.5447373,5.9066668
09/04,29.47158,29.303686,28.999474,27.264212,24.39,20.93421,17.717894,13.035263,10.619473,9.444211,7.5510526,5.8819995
09/05,29.44158,29.320528,28.96737,27.287369,24.368948,21.049475,17.60263,12.965263,10.662631,9.45,7.534737,5.8773336
09/06,29.476315,29.338947,28.993685,27.283157,24.362633,20.901052,17.768421,12.96579,10.616316,9.4447365,7.5315795,5.888
09/07,29.46737,29.353159,29.006842,27.224737,24.287369,20.938421,17.603683,13.000526,10.608421,9.423684,7.5389476,5.8753333
09/08,29.50737,29.33842,29.008419,27.192106,24.271051,20.996315,17.694738,13.00579,10.602632,9.439474,7.5378947,5.8659997
09/09,29.47,29.348421,29.095789,27.267897,24.324211,20.978949,17.553158,13.043159,10.669474,9.427368,7.518421,5.8799996
09/10,29.51263,29.377367,29.07579,27.429998,24.320002,20.893158,17.565262,12.984736,10.632632,9.41579,7.53,5.852667
09/11,29.536316,29.407894,29.080528,27.32105,24.25842,20.882105,17.524736,12.913158,10.587894,9.442105,7.5210524,5.863333
09/12,29.495789,29.396841,29.023157,27.32421,24.296843,20.95579,17.598948,12.9047365,10.725789,9.487369,7.493158,5.836
09/13,29.494211,29.388422,29.011053,27.350525,24.339474,20.80579,17.576841,12.911579,10.608947,9.416842,7.5026317,5.842
09/14,29.502104,29.401052,29.015263,27.315262,24.286842,20.82,17.55158,12.912631,10.545263,9.414737,7.5021048,5.864
09/15,29.53842,29.420527,29.050528,27.248947,24.169474,20.956314,17.618948,12.855263,10.62,9.461579,7.475789,5.824667
09/16,29.473684,29.423157,29.072632,27.42158,24.35579,20.902105,17.527369,12.957369,10.666316,9.421578,7.488421,5.8593335
09/17,29.5,29.412634,29.083685,27.358421,24.185263,20.810001,17.571579,12.862632,10.589474,9.437894,7.4973683,5.8566666
09/18,29.533157,29.414738,29.092632,27.397894,24.222105,20.783157,17.587368,12.966842,10.553684,9.45579,7.4821053,5.850667
09/19,29.527369,29.39316,29.102106,27.347895,24.331053,20.852633,17.49263,12.88579,10.668948,9.4205265,7.4905257,5.8539996
09/20,29.513685,29.39421,29.147367,27.253159,24.20842,20.75,17.505789,12.942105,10.58579,9.416842,7.501053,5.8286667
09/21,29.503685,29.376844,29.131578,27.427895,24.257895,20.731579,17.554737,12.882105,10.543684,9.436842,7.4963155,5.8746667
09/22,29.470526,29.368422,29.098948,27.335262,24.334211,20.743685,17.45842,12.882632,10.671053,9.422106,7.477369,5.8553333
09/23,29.498423,29.362106,29.092632,27.394737,24.332106,20.822105,17.645264,12.894211,10.559474,9.411053,7.4910526,5.8533335
09/24,29.454737,29.33105,29.137894,27.32105,24.18579,20.66158,17.495264,12.887895,10.523158,9.406842,7.4794736,5.8753333
09/25,29.417894,29.324736,29.096317,27.196842,24.11579,20.833685,17.587368,12.945264,10.640526,9.422631,7.4794736,5.8659997
09/26,29.496315,29.33579,29.122107,27.36421,24.30579,20.69421,17.578947,12.908948,10.542631,9.41,7.4784207,5.8746667
09/27,29.443157,29.340002,29.16895,27.384737,24.277895,20.741053,17.521051,12.965263,10.476842,9.429474,7.493158,5.9
09/28,29.4405,29.348999,29.107502,27.2535,24.133,20.811,17.553,12.964,10.6125,9.471,7.5105004,5.878125
09/29,29.367,29.326498,29.126001,27.3755,24.294,20.686,17.4835,13.078,10.592501,9.4295,7.4985,5.89875
09/30,29.365,29.307001,29.0655,27.230999,24.1015,20.461,17.383,12.8955,10.5525,9.414499,7.4855003,5.8875
10/01,29.454998,29.298502,29.059,27.15,24.055,20.5425,17.4035,12.912,10.6255,9.441,7.488,5.876875
10/02,29.4505,29.2905,29.087,27.2225,24.217999,20.561,17.1145,12.875,10.556,9.446501,7.4845,5.884375
10/03,29.4965,29.310999,29.05,27.3355,24.073,20.4045,17.1845,12.889,10.539,9.4145,7.4779997,5.875
10/04,29.4725,29.336498,29.063501,27.2345,24.27,20.558,17.194,12.824499,10.5835,9.412001,7.493,5.875625
10/05,29.4575,29.321,29.036999,27.289999,24.24,20.502499,17.1065,12.8085,10.5175,9.412001,7.486,5.875
10/06,29.494,29.326502,29.021,27.275,24.2495,20.5005,17.071,12.8220005,10.5375,9.441999,7.4684997,5.884375
10/07,29.517002,29.347,28.993,27.275,24.2635,20.5495,17.0765,12.7375,10.531,9.3975,7.474,5.87375
10/08,29.581,29.355,28.998001,27.385998,24.24,20.323,16.9415,12.6915,10.513,9.4,7.4805,5.885
10/09,29.515,29.338001,28.998499,27.1675,23.8935,20.33,16.996,12.6555,10.4775,9.387,7.4655,5.86875
10/10,29.485,29.321499,28.947,27.238,24.0265,20.2425,16.9255,12.7465,10.461,9.3585,7.4865,5.87875
10/11,29.469501,29.313,28.9655,27.176502,24.011501,20.2855,16.970999,12.6035,10.466,9.3949995,7.472,5.914375
10/12,29.501999,29.306,28.9375,27.232998,23.9455,20.1435,16.851002,12.569,10.4435,9.373,7.482,5.89625
10/13,29.553501,29.313501,28.9225,27.1695,23.9305,20.141,16.9715,12.6845,10.431,9.3825,7.468,5.869375
10/14,29.5985,29.312,28.932001,27.153,24.003,20.1915,16.8855,12.5105,10.416,9.4245,7.4765,5.9125
10/15,29.548,29.3195,28.951502,27.288502,23.9545,20.092,16.882,12.608,10.503,9.3855,7.4940004,5.8875
10/16,29.4785,29.3285,28.9275,27.196499,23.9995,20.232,16.886501,12.599501,10.4125,9.397,7.497,5.88125
10/17,29.4815,29.3185,28.909,27.3,23.9595,20.027,16.793,12.631,10.477,9.427,7.4975,5.89875
10/18,29.5185,29.310501,28.9325,27.14,23.919,20.047,16.7905,12.561,10.502501,9.379499,7.4845,5.893125
10/19,29.564999,29.3285,28.954498,27.247501,23.9595,20.0885,16.8675,12.63,10.478,9.37,7.5220003,5.895
10/20,29.627499,29.341,28.917002,27.268,23.928,20.182499,16.728,12.514,10.4800005,9.4055,7.4875,5.876875
10/21,29.6535,29.364002,28.914001,27.1565,23.881,20.1975,16.683,12.532,10.502,9.415999,7.4875,5.89
10/22,29.675,29.376501,28.925,27.196499,23.862,19.997501,16.851,12.481501,10.434,9.386499,7.5065002,5.90125
10/23,29.7075,29.3845,28.897,27.172,23.737,19.991001,16.6,12.476999,10.4574995,9.401999,7.5015,5.890625
10/24,29.648998,29.401499,28.910501,27.150501,23.701,20.0775,16.672,12.459,10.42,9.3815,7.5015,5.8925
10/25,29.664999,29.416,28.879002,27.007502,23.6905,19.890001,16.639,12.4,10.458,9.394,7.5275,5.895
10/26,29.655499,29.420002,28.926998,26.9405,23.661999,20.002,16.604,12.3995,10.461,9.373,7.5385003,5.905
10/27,29.7255,29.464499,28.869,26.909,23.547,19.808498,16.414,12.3949995,10.400499,9.3745,7.5155,5.899375
10/28,29.7365,29.472,28.876501,26.923498,23.585499,19.664999,16.635,12.372,10.436999,9.372499,7.5125,5.8925
10/29,29.729498,29.476002,28.855,26.842999,23.4635,19.658,16.489,12.3125,10.386499,9.3665,7.5325,5.89625
10/30,29.7995,29.506,28.929,26.7665,23.4675,19.7565,16.469501,12.3505,10.363501,9.3550005,7.4865,5.91625
10/31,29.7995,29.536,28.887,26.804998,23.4305,19.6045,16.3935,12.3545,10.3815,9.36,7.5034995,5.880625
11/01,29.8005,29.5495,28.8995,26.7595,23.322,19.739,16.524,12.241,10.396,9.3345,7.5160003,5.8875
11/02,29.7495,29.553,28.965,26.748999,23.3515,19.7305,16.4905,12.337999,10.4165,9.391001,7.4919996,5.91375
11/03,29.7495,29.554998,28.9125,26.559,23.254,19.7035,16.4675,12.306,10.3375,9.372499,7.5269995,5.9006248
11/04,29.758,29.508,28.953,26.597,23.312,19.641,16.343,12.275499,10.3485,9.353,7.5325,5.895
11/05,29.6845,29.522501,28.8535,26.588001,23.168001,19.636,16.528,12.272,10.356,9.381,7.509,5.885625
11/06,29.635998,29.516,28.782001,26.489002,23.192,19.65,16.3675,12.205999,10.294001,9.372499,7.5315003,5.913125
11/07,29.689999,29.507502,28.9125,26.520498,23.055,19.522999,16.3095,12.238501,10.33,9.337999,7.5199995,5.895625
11/08,29.8055,29.538502,28.817001,26.451,22.986,19.481998,16.35,12.172,10.2905,9.315001,7.5230002,5.8875
11/09,29.762,29.516998,28.842499,26.5415,23.249,19.6285,16.365,12.1315,10.226999,9.299,7.5220003,5.8975
11/10,29.73,29.529001,28.829,26.4325,23.155499,19.504002,16.2495,12.179,10.310499,9.3305,7.511,5.895625
11/11,29.734,29.5565,28.901001,26.577,23.1905,19.6215,16.436,12.1005,10.226999,9.2775,7.55,5.8893747
11/12,29.717999,29.553501,28.841,26.535,23.2225,19.517,16.2975,12.108,10.2735,9.328,7.5255,5.89875
11/13,29.701502,29.545498,28.842499,26.448002,23.07,19.58,16.469501,12.076,10.283999,9.3405,7.5255,5.88875
11/14,29.7155,29.528,28.839499,26.454502,23.133999,19.6585,16.2875,12.1615,10.237,9.3015,7.56,5.875625
11/15,29.657999,29.554,28.776001,26.407501,23.071,19.5695,16.373,12.047,10.251,9.3365,7.5435,5.895
11/16,29.645498,29.521,28.789001,26.4375,23.069,19.4805,16.402,12.167,10.3335,9.3235,7.5665,5.8893747
11/17,29.6415,29.523499,28.817999,26.352,22.8535,19.512,16.3415,12.2255,10.2335,9.304,7.553,5.8925
11/18,29.635998,29.5085,28.8655,26.322,22.91,19.589,16.406,12.235499,10.2695,9.349,7.5464997,5.911875
11/19,29.6415,29.504501,28.701,26.148998,22.779001,19.4645,16.431,12.1705,10.274,9.333,7.5595,5.884375
11/20,29.6135,29.482998,28.751999,26.2615,22.8425,19.269001,16.271,12.2705,10.2845,9.3075,7.5735,5.89375
11/21,29.612,29.518,28.726501,26.279501,22.8,19.319,16.3755,12.233999,10.2535,9.3665,7.5635004,5.92
11/22,29.597,29.4865,28.676502,26.141,22.872,19.261501,16.366001,12.215,10.29,9.3445,7.5525002,5.865
11/23,29.6125,29.449,28.707,26.2365,22.758,19.317,16.299,12.2595005,10.346499,9.3645,7.5365,5.8875
11/24,29.602,29.446,28.713501,26.26,22.664,19.17,16.338001,12.254499,10.2695,9.316999,7.553,5.91875
11/25,29.576,29.460999,28.629002,26.204502,22.752499,19.328999,16.3745,12.332,10.336,9.385,7.551,5.87875
11/26,29.564001,29.419,28.5805,26.341,22.791,19.1775,16.2715,12.276999,10.328501,9.346,7.518,5.8875
11/27,29.535,29.432001,28.7415,26.294,22.687,19.1495,16.216,12.285,10.278501,9.344,7.533,5.9025
11/28,29.534,29.4255,28.544,26.117,22.6015,19.119501,16.2785,12.291,10.354,9.37,7.5474997,5.89625
11/29,29.4885,29.407501,28.598999,26.150501,22.598,19.125,16.2045,12.309,10.3225,9.335501,7.5334997,5.896875
11/30,29.4855,29.378,28.699,26.2415,22.6055,19.036,16.175,12.268,10.292,9.3545,7.5074997,5.89625
12/01,29.520498,29.411499,28.6375,26.1405,22.531,18.946499,16.1535,12.265,10.3255,9.323999,7.544,5.901875
12/02,29.5135,29.4065,28.594,26.0545,22.6615,19.043499,16.161999,12.283,10.349,9.365,7.5334997,5.9175
12/03,29.526999,29.382,28.533,26.0905,22.6265,19.168,16.255001,12.196,10.2945,9.358,7.5239997,5.901875
12/04,29.5,29.394001,28.660501,26.09,22.641499,18.9655,16.0685,12.167,10.2995,9.3625,7.5205,5.909375
12/05,29.476501,29.417002,28.6315,26.005,22.4475,18.928,16.181,12.2235,10.315001,9.3235,7.5305,5.922
12/06,29.525,29.426998,28.4965,25.851002,22.502,19.057499,16.0895,12.16,10.33,9.309,7.5185,5.902
12/07,29.463001,29.404999,28.6385,25.939001,22.48,18.9175,15.9705,12.103499,10.246,9.302,7.5175004,5.9333334
12/08,29.435999,29.3585,28.5215,25.908499,22.4585,18.9925,15.989,12.139,10.249,9.3065,7.5199995,5.9273334
12/09,29.429499,29.373499,28.591,25.9375,22.4675,19.030499,15.95,12.043,10.2699995,9.3025,7.5264997,5.918
12/10,29.387,29.359,28.592999,25.8735,22.382,18.942,16.0015,12.0735,10.285,9.295,7.5095,5.9226665
12/11,29.406,29.341,28.556,25.9,22.453999,18.8955,15.948,12.059,10.212,9.276999,7.5425005,5.9326663
12/12,29.4,29.339499,28.533499,25.857,22.3275,18.828,15.869,12.039,10.2699995,9.302,7.5394998,5.9326663
12/13,29.393,29.341,28.505499,25.892002,22.3785,18.8095,15.9175005,11.994,10.246,9.289,7.533,5.9346666
12/14,29.373999,29.321499,28.473001,25.7565,22.3745,18.828999,15.9315,12.103499,10.194,9.2705,7.5415,5.9393334
12/15,29.35,29.323002,28.6465,25.8585,22.3195,18.771,16.018,11.992,10.2285,9.309,7.5290003,5.949333
12/16,29.3565,29.311,28.433498,25.870998,22.295,18.804,15.856,11.988501,10.219999,9.282,7.525,5.956
12/17,29.3585,29.306,28.507502,25.8325,22.257,18.8255,15.8685,12.0915,10.2465,9.2885,7.537,5.934
12/18,29.3475,29.276001,28.3655,25.670498,22.276001,18.738499,15.8095,12.014,10.1835,9.2875,7.55,5.9326663
12/19,29.289999,29.258,28.589499,25.9305,22.2285,18.652,15.800501,11.939,10.239,9.299,7.55,5.96
12/20,29.257502,29.227,28.373001,25.678,22.132,18.7135,15.8235,12.0555,10.2625,9.29,7.5505,5.936
12/21,29.2495,29.215,28.462,25.5245,22.147999,18.699001,15.838501,12.027,10.1795,9.2535,7.5550003,5.950667
12/22,29.2465,29.195002,28.441502,25.668499,22.2025,18.6395,15.6275,11.959,10.205,9.277,7.5535,5.9433336
12/23,29.227499,29.179,28.286001,25.533,21.994999,18.578999,15.7985,11.9505,10.219999,9.278,7.535,5.9346666
12/24,29.2225,29.164001,28.307001,25.3615,21.8425,18.618,15.713,11.955999,10.164,9.278,7.5415,5.9533334
12/25,29.175,29.1155,28.122501,25.307499,21.961,18.4645,15.6449995,11.906,10.1665,9.26,7.5315003,5.938667
12/26,29.192001,29.135502,28.159,25.156,21.721,18.292,15.634,11.809,10.187,9.2665,7.533,5.902
12/27,29.1535,29.143,28.229502,25.3145,21.736,18.47,15.758,11.872,10.154,9.268,7.5169997,5.9306664
12/28,29.15,29.102,28.133999,25.085499,21.571499,18.3995,15.6355,11.828501,10.1475,9.2699995,7.5185,5.937333
12/29,29.1395,29.102499,28.0985,25.164999,21.76,18.342,15.552,11.8615,10.158,9.2625,7.514,5.912
12/30,29.105,29.0845,28.086498,25.066,21.5755,18.2495,15.6095,11.812,10.15,9.2365,7.5074997,5.937333
12/31,29.088999,29.0625,28.166998,25.0655,21.55,18.186499,15.499499,11.808001,10.087999,9.237,7.526,5.932
