year,month,day,date_str,30.0,35.0,40.0,45.0,50.0,55.0,60.0,65.0,70.0,75.0,80.0,85.0,90.0,95.0,100.0,105.0,110.0,115.0,120.0,125.0,130.0,135.0,140.0,145.0,150.0,155.0,160.0,165.0,170.0,175.0,180.0,185.0,190.0,195.0,200.0,205.0,210.0,215.0,220.0,225.0,230.0,235.0,240.0,245.0,250.0,255.0,260.0,265.0,270.0,275.0
1997,4,2,1997/04/02,,11.8,13.6,14.4,14.2,11.4,7.6,2.2,-2.4,-3.2,-2.2,1.0,2.8,3.4,2.8,2.0,0.8,-0.3,-1.4,-2.8,-4.4,-4.8,-4.8,-4.4,-4.2,-4.0,-3.6,-2.8,-2.4,-2.0,-1.8,-1.8,-1.7,-1.6,-1.9,-1.8,-1.8,-1.2,-0.6,-0.8,-1.0,-1.4,-1.5,-1.7,-2.1,-2.7,-3.2,-3.6,-4.0,
1997,4,3,1997/04/03,,5.4,6.6,7.5,8.2,7.7,6.8,4.8,3.3,3.2,3.4,4.0,4.2,4.2,2.5,0.6,-0.9,-2.0,-2.2,-2.2,-1.8,-0.9,0.2,1.5,2.6,2.2,1.8,1.5,1.4,1.3,1.0,0.7,0.4,0.2,0.0,-0.4,-0.8,-1.4,-2.1,-2.8,-3.6,-4.4,-4.5,-4.3,-4.5,-4.6,-4.1,-3.6,-3.0,
1997,4,4,1997/04/04,,-30.7,-27.7,-23.7,-19.0,-13.2,-7.5,-7.1,-7.3,-8.8,-9.4,-9.4,-8.4,-6.8,-5.2,-3.6,-2.3,-1.5,-1.3,-1.6,-2.3,-3.6,-5.0,-5.7,-6.3,-6.9,-7.0,-6.9,-6.6,-6.3,-5.9,-5.5,-5.4,-5.2,-5.0,-4.4,-3.6,-3.0,-2.2,-1.2,-0.3,0.4,1.2,2.0,2.6,3.1,3.4,3.5,3.2,
1997,4,5,1997/04/05,,-10.0,-8.5,-5.8,-2.3,-2.7,-3.7,-6.7,-8.5,-6.3,-4.3,-1.9,-1.8,-2.7,-2.7,-2.7,-2.6,-2.8,-3.8,-4.4,-4.8,-4.1,-3.2,-2.2,-1.2,-0.7,-0.3,-0.1,-0.4,-0.9,-0.6,-0.5,-0.5,-0.7,-1.0,-1.1,-1.1,-1.1,-1.0,-0.9,-0.9,-1.0,-1.4,-1.9,-2.6,-3.2,-4.1,-4.8,-5.5,
1997,4,6,1997/04/06,,21.2,21.5,19.6,16.7,11.6,6.5,3.8,1.9,3.1,3.2,2.4,1.3,0.0,-1.6,-3.3,-4.5,-5.3,-5.7,-6.2,-6.8,-7.3,-7.8,-7.4,-7.0,-6.3,-5.5,-4.5,-3.8,-3.3,-3.5,-3.8,-4.3,-4.7,-4.9,-4.9,-4.7,-5.1,-5.6,-5.9,-6.5,-7.5,-8.0,-8.3,-8.8,-9.0,-8.9,-8.8,-8.8,
1997,4,7,1997/04/07,,-15.5,-13.5,-11.4,-9.7,-8.8,-8.0,-7.6,-7.3,-7.7,-8.7,-10.7,-10.4,-8.7,-5.3,-2.1,-0.8,0.3,0.6,0.0,-1.3,-2.2,-2.9,-3.2,-3.8,-4.9,-5.3,-5.1,-5.3,-5.5,-5.4,-5.4,-5.2,-5.3,-5.4,-5.5,-5.5,-5.3,-5.1,-5.0,-4.9,-4.7,-4.3,-3.5,-2.8,-2.0,-1.0,-0.2,0.1,
1997,4,8,1997/04/08,,-25.6,-22.8,-18.3,-13.0,-9.9,-7.2,-5.1,-3.0,-0.9,-0.2,-0.7,-1.3,-1.9,-1.3,-0.7,-0.4,0.2,1.1,1.5,1.7,2.3,2.9,2.7,2.7,2.7,2.8,2.9,3.3,3.9,4.8,5.7,6.3,6.2,5.5,5.4,5.3,4.7,4.4,4.9,5.0,4.9,4.9,4.9,5.3,5.5,5.4,5.1,4.4,
1997,4,9,1997/04/09,,14.4,14.7,13.4,11.6,7.0,2.4,2.8,2.8,2.4,2.2,1.7,0.0,-2.0,-3.6,-4.9,-4.7,-4.8,-5.5,-6.5,-7.6,-8.5,-9.4,-9.5,-9.3,-8.4,-7.5,-6.4,-5.9,-5.7,-6.1,-6.4,-6.8,-7.1,-7.0,-6.9,-6.7,-6.6,-6.5,-6.6,-6.9,-7.4,-7.8,-8.2,-8.7,-9.2,-9.6,-9.8,-9.6,
1997,4,10,1997/04/10,,-7.1,-7.0,-8.1,-9.6,-9.2,-8.9,-7.6,-7.4,-9.3,-9.6,-9.1,-7.2,-4.3,-4.2,-4.3,-4.9,-5.3,-5.6,-5.8,-5.7,-6.3,-7.0,-7.1,-7.2,-6.8,-7.0,-7.8,-7.4,-6.7,-6.5,-6.5,-7.2,-7.4,-7.3,-7.8,-8.4,-8.6,-8.6,-8.6,-8.8,-9.2,-8.8,-8.1,-7.4,-6.7,-6.1,-5.5,-5.3,
1997,4,11,1997/04/11,,-19.4,-20.0,-16.8,-12.5,-9.3,-6.3,-5.4,-4.3,-3.0,-2.2,-1.6,-1.2,-0.8,-1.1,-1.2,1.3,3.4,4.6,4.8,4.6,4.7,4.8,4.6,4.4,4.1,4.1,4.3,4.2,4.1,4.3,4.6,5.0,5.3,5.3,4.9,4.3,4.3,4.4,4.2,4.4,5.1,5.5,5.6,5.9,6.2,6.5,6.6,6.2,
1997,4,12,1997/04/12,,-5.1,-4.3,-2.9,-1.1,-2.5,-4.0,-3.5,-2.7,-1.0,0.8,2.5,1.9,0.4,-1.4,-2.7,-2.3,-2.1,-2.0,-2.9,-4.4,-5.1,-5.6,-5.4,-5.1,-4.3,-3.5,-2.8,-2.6,-2.3,-2.1,-1.9,-1.8,-1.8,-1.9,-1.9,-1.9,-1.2,-0.6,-0.7,-1.0,-1.4,-1.5,-1.5,-1.9,-2.4,-3.1,-3.6,-3.9,
1997,4,13,1997/04/13,,-5.2,-2.9,-3.1,-4.1,-3.1,-2.1,0.0,0.5,-2.1,-3.4,-4.0,-3.4,-2.3,-3.7,-5.2,-6.9,-7.8,-7.8,-7.6,-7.1,-6.3,-5.5,-5.1,-4.7,-4.2,-4.0,-4.0,-4.4,-4.8,-5.2,-5.5,-5.7,-6.0,-6.4,-6.3,-6.0,-6.5,-7.0,-7.6,-8.2,-8.6,-8.8,-8.9,-9.0,-9.0,-8.7,-8.5,-8.3,
1997,4,14,1997/04/14,,-7.5,-8.5,-6.7,-4.1,-3.6,-3.5,-5.0,-6.6,-8.2,-7.3,-4.3,-2.6,-1.3,-1.0,-0.6,0.4,0.7,0.0,-0.2,-0.2,0.1,0.5,0.9,0.8,-0.2,-0.4,-0.1,-0.4,-0.7,-0.5,-0.3,-0.2,0.0,0.2,0.7,1.5,2.0,2.0,1.0,0.4,0.3,0.6,1.2,1.9,2.6,2.9,3.2,3.2,
1997,4,15,1997/04/15,,-16.6,-16.6,-16.7,-16.9,-13.2,-9.4,-7.4,-4.9,-1.6,0.6,1.9,0.5,-1.7,-2.3,-2.4,-0.8,0.8,2.4,3.3,3.8,3.5,3.1,2.8,2.9,3.6,4.1,4.3,4.1,3.9,4.2,4.4,4.6,5.0,5.6,5.8,5.9,5.9,5.9,5.7,5.4,5.1,5.0,4.8,4.7,4.6,4.8,4.8,4.6,
1997,4,16,1997/04/16,,-8.1,-6.5,-5.2,-4.1,-1.4,1.4,4.6,6.2,5.3,3.6,1.4,-0.6,-2.5,-3.8,-5.0,-6.2,-6.6,-6.1,-5.3,-4.4,-3.8,-3.1,-2.9,-2.6,-2.4,-2.6,-3.0,-3.2,-3.4,-3.5,-3.4,-3.1,-3.4,-4.1,-4.8,-5.4,-5.3,-5.0,-4.6,-4.2,-3.9,-4.1,-4.5,-4.9,-5.2,-5.6,-5.7,-5.3,
1997,4,17,1997/04/17,,-5.7,-2.7,0.3,3.3,4.6,5.4,3.8,1.4,-2.5,-4.6,-5.2,-4.3,-2.8,-2.3,-1.9,-1.7,-1.8,-2.4,-2.9,-3.3,-3.1,-3.1,-4.0,-4.8,-5.3,-5.4,-5.3,-5.6,-6.1,-6.1,-6.2,-6.6,-6.6,-6.4,-6.4,-6.4,-6.3,-6.2,-6.0,-5.5,-4.4,-4.1,-3.9,-3.9,-3.7,-2.7,-2.0,-1.6,
1997,4,18,1997/04/18,,-13.8,-16.3,-17.1,-17.4,-15.2,-12.3,-9.4,-7.4,-6.2,-6.0,-6.5,-6.4,-6.3,-4.9,-3.4,-0.7,1.4,2.7,3.0,2.7,2.8,2.8,2.7,2.7,2.9,3.3,3.7,3.6,3.6,3.3,3.1,3.0,2.9,2.8,3.0,3.2,3.1,2.9,2.9,3.0,2.9,3.1,3.3,3.7,4.1,4.4,4.6,4.5,
1997,4,19,1997/04/19,,-5.4,-7.0,-9.3,-11.5,-6.8,-1.8,3.1,6.9,8.9,9.7,9.8,8.0,5.9,4.1,2.4,1.0,0.6,1.3,1.7,2.0,1.9,1.9,1.8,1.6,1.4,1.7,2.1,2.5,2.7,2.7,2.8,2.7,2.9,3.3,3.8,4.2,4.3,4.2,3.7,3.3,2.8,2.3,1.9,2.0,1.9,1.2,0.6,0.1,
1997,4,20,1997/04/20,,10.5,12.0,14.5,17.1,19.6,21.3,18.1,14.2,9.4,7.1,6.4,5.1,3.7,3.1,2.5,1.8,1.4,1.4,2.0,2.7,1.9,1.0,0.1,-0.4,-0.4,-0.6,-1.0,-1.4,-1.8,-1.6,-1.7,-2.3,-2.5,-2.5,-3.1,-3.7,-3.5,-3.5,-3.8,-4.0,-4.2,-3.9,-3.5,-3.7,-3.8,-3.8,-3.7,-3.6,
1997,4,21,1997/04/21,,-13.7,-13.5,-14.6,-15.8,-13.9,-12.1,-10.0,-8.8,-8.9,-8.3,-7.1,-4.7,-2.0,0.9,3.1,2.9,2.4,1.8,1.9,2.1,2.3,2.5,2.4,2.2,1.7,1.6,1.7,1.5,1.2,0.7,0.3,0.2,0.2,0.3,-0.1,-0.5,-0.6,-0.5,-0.2,0.2,0.6,0.8,0.9,1.4,2.0,2.7,3.1,3.2,
1997,4,22,1997/04/22,,-1.5,-4.9,-9.6,-14.3,-10.5,-5.6,1.8,7.1,9.4,10.2,10.1,9.5,8.5,5.3,2.6,0.8,-0.4,-1.1,-1.0,-0.7,-0.6,-0.5,-1.2,-1.5,-1.5,-1.5,-1.4,-0.7,0.0,0.3,0.6,1.0,1.3,1.5,2.2,2.7,2.9,2.9,3.0,3.3,3.7,4.0,4.3,4.7,5.1,5.2,5.4,5.6,
1997,4,23,1997/04/23,,3.7,1.2,0.6,0.8,4.7,8.3,9.0,9.1,8.6,7.1,4.9,2.7,0.6,0.4,0.7,2.1,3.5,4.8,5.2,5.1,4.7,4.4,4.4,4.3,4.2,4.2,4.3,4.1,3.7,3.4,3.4,3.6,3.9,4.0,3.7,3.5,3.4,2.8,1.7,1.1,0.9,0.7,0.7,0.3,-0.1,-0.6,-1.3,-2.2,
1997,4,24,1997/04/24,,8.8,11.6,14.9,18.0,15.2,11.4,7.4,3.8,1.5,0.1,-1.1,-0.2,1.4,4.1,7.0,10.3,12.0,12.2,11.7,11.1,9.7,8.3,7.6,7.4,7.7,7.8,7.6,6.8,5.8,4.4,3.2,2.3,1.4,0.5,0.6,0.8,0.6,0.7,1.3,1.7,2.2,2.5,2.6,2.6,2.6,2.8,3.5,4.3,
1997,4,25,1997/04/25,,-3.2,-6.4,-8.6,-10.5,-8.1,-5.3,-1.6,0.5,0.6,0.1,-0.6,-2.0,-3.3,-3.3,-3.3,-3.8,-4.6,-5.3,-5.7,-5.8,-4.8,-3.9,-3.5,-3.5,-4.0,-3.9,-3.6,-3.0,-2.5,-2.3,-2.1,-2.0,-1.9,-1.5,-1.8,-2.5,-3.1,-3.3,-2.8,-2.2,-1.6,-1.2,-0.8,-0.8,-0.7,-0.2,0.7,1.9,
1997,4,26,1997/04/26,,-6.6,-9.5,-8.1,-5.5,-0.8,3.9,8.0,10.9,11.5,10.2,7.6,5.3,3.2,3.2,3.3,3.8,4.4,5.2,5.9,6.6,6.6,6.2,5.0,4.3,4.6,5.1,5.6,6.8,7.9,7.9,7.8,7.6,7.6,7.6,6.9,6.4,5.7,5.2,4.8,4.5,4.2,4.4,4.6,4.2,3.6,2.7,2.5,2.8,
1997,4,27,1997/04/27,,3.5,6.9,12.9,19.1,19.7,18.6,11.8,6.1,1.8,-0.6,-1.9,-2.3,-2.3,-1.5,0.1,3.5,6.2,7.9,8.5,8.7,8.5,8.3,8.0,7.9,8.0,8.3,8.6,8.2,7.9,7.7,7.3,6.7,6.1,5.5,5.2,5.0,4.5,4.1,4.0,4.1,4.3,4.4,4.5,4.4,4.3,4.0,3.4,2.6,
1997,4,28,1997/04/28,,15.3,20.3,21.2,20.9,15.5,10.2,5.6,2.4,1.2,0.8,1.2,1.7,2.2,2.6,2.8,2.7,3.0,3.6,3.7,3.5,2.9,2.3,1.7,1.1,0.4,-0.1,-0.4,-0.9,-1.5,-1.3,-1.1,-1.0,-1.2,-1.8,-2.2,-2.4,-1.4,-0.8,-0.8,-0.6,-0.4,-0.1,0.4,1.0,1.7,2.6,3.2,3.5,
1997,4,29,1997/04/29,,-5.5,-7.2,-7.8,-8.2,-3.5,1.3,6.4,10.8,13.8,15.2,15.5,13.5,11.0,7.2,4.0,2.6,2.1,2.3,2.3,2.3,2.3,2.4,2.1,2.0,2.4,2.0,1.5,2.0,2.7,4.2,5.2,5.5,5.7,5.8,6.2,6.4,5.4,4.5,4.1,3.7,3.4,3.1,2.9,3.1,3.2,3.4,3.5,3.5,
1997,4,30,1997/04/30,,0.5,-3.3,-4.0,-4.0,-1.0,1.8,3.6,3.8,1.4,-0.6,-2.3,-2.4,-2.1,-0.1,2.0,4.9,6.5,6.8,7.0,7.1,7.8,8.5,8.8,9.1,9.2,8.9,8.5,8.5,8.5,8.2,7.9,7.3,7.4,7.9,8.3,8.7,7.9,7.3,6.9,6.8,6.9,6.6,6.3,5.6,5.0,4.5,3.9,3.4,
1997,5,1,1997/05/01,,9.1,13.6,16.8,19.4,14.3,8.7,1.7,-3.7,-6.3,-8.4,-10.0,-7.7,-4.6,-1.5,0.9,1.9,2.6,2.9,2.9,2.8,3.2,3.5,3.8,3.7,3.2,3.0,2.8,2.8,2.7,2.3,1.9,1.5,0.9,0.2,-0.4,-1.0,-1.4,-1.6,-1.3,-1.2,-1.1,-0.9,-0.5,-0.1,0.4,0.7,1.0,1.4,
1997,5,2,1997/05/02,,2.1,6.3,8.1,9.2,10.8,12.4,13.9,15.2,16.3,16.6,16.4,14.6,12.4,9.5,7.2,6.5,6.5,7.2,6.2,4.8,4.1,3.5,3.5,3.4,3.4,2.9,2.3,2.4,2.6,3.2,4.0,5.1,5.4,5.3,4.6,3.9,3.8,3.6,3.4,3.4,3.3,3.5,3.5,4.1,4.6,5.2,5.6,5.8,
1997,5,3,1997/05/03,,5.6,4.8,2.5,0.1,-0.1,0.4,2.8,4.3,4.7,4.3,3.4,2.1,0.7,-1.4,-2.9,-2.7,-2.0,-0.8,0.2,1.4,2.1,2.8,3.6,4.6,5.8,5.8,5.3,4.8,4.3,4.7,5.1,5.6,6.0,6.3,6.0,5.7,5.2,5.0,4.9,4.6,4.1,4.0,3.9,4.0,3.7,2.9,2.3,1.9,
1997,5,4,1997/05/04,,-2.5,-6.4,-6.7,-6.3,-3.2,-0.8,-2.4,-3.8,-4.8,-4.5,-3.7,-1.5,0.9,3.4,5.4,6.3,6.6,6.4,6.5,6.6,6.6,6.6,6.3,6.3,6.5,6.7,7.0,6.9,6.8,6.5,5.9,4.8,3.7,2.7,2.3,2.0,2.0,2.1,2.5,2.4,2.1,2.4,2.7,2.8,2.8,2.6,2.4,2.1,
1997,5,5,1997/05/05,,2.1,2.9,6.4,10.4,11.5,12.0,9.6,7.8,7.0,7.0,7.6,9.0,10.3,10.1,9.4,7.2,5.4,3.9,3.7,3.9,4.2,4.1,3.9,3.5,2.9,2.6,2.5,2.6,2.6,2.2,1.9,1.9,2.1,2.3,2.7,3.0,3.0,3.0,2.9,3.1,3.6,3.6,3.5,3.5,3.6,4.0,4.4,4.7,
1997,5,6,1997/05/06,,0.0,2.4,2.8,2.8,3.1,3.8,6.5,9.1,11.3,11.3,10.1,8.7,7.6,5.9,4.4,3.1,2.8,3.5,4.5,5.7,5.6,5.5,5.6,5.7,5.9,5.9,5.9,5.5,5.0,4.9,5.1,5.6,6.0,6.5,7.1,7.5,7.5,7.3,7.1,6.6,6.0,5.2,4.3,3.8,3.6,3.9,3.9,3.6,
1997,5,7,1997/05/07,,-0.7,-2.8,-2.1,-1.6,1.7,4.1,4.0,3.9,3.3,2.5,1.5,1.8,2.5,4.1,5.2,5.3,4.7,3.4,2.7,2.3,3.3,4.2,5.2,5.8,5.9,6.2,6.5,5.7,5.0,4.5,4.1,3.4,2.9,2.5,2.0,1.5,1.3,1.2,1.0,1.2,1.7,2.1,2.5,3.2,3.4,2.9,2.6,2.5,
1997,5,8,1997/05/08,,-11.6,-12.9,-10.4,-7.1,-2.2,1.3,-1.3,-3.1,-4.0,-3.5,-2.2,-1.0,0.0,-0.3,-0.6,-1.4,-2.1,-2.6,-2.6,-2.4,-1.5,-0.9,-0.6,-0.5,-0.8,-1.2,-1.7,-1.8,-2.0,-2.5,-2.5,-2.2,-1.9,-1.5,-2.3,-3.1,-3.1,-3.0,-2.9,-2.5,-1.8,-1.6,-1.6,-1.8,-2.0,-1.8,-1.5,-1.1,
1997,5,9,1997/05/09,,17.2,17.8,18.3,18.3,13.8,9.6,6.6,5.4,6.7,7.1,7.1,6.6,5.9,4.4,3.0,1.9,2.1,3.4,4.8,5.8,5.6,5.1,3.4,2.2,1.3,1.1,1.2,1.2,1.3,2.4,3.2,3.6,4.1,4.9,5.3,5.7,6.0,6.2,6.2,5.8,5.1,4.4,3.7,3.3,2.9,2.8,2.9,3.1,
1997,5,10,1997/05/10,,1.2,1.0,0.9,0.6,2.6,4.4,5.2,5.9,6.5,6.3,5.6,5.2,4.9,4.2,3.6,2.7,1.7,0.9,1.9,3.5,4.0,4.7,5.4,5.7,5.5,5.7,5.9,5.7,5.4,5.2,4.8,4.4,4.1,3.7,3.6,3.7,4.2,4.5,4.7,5.2,5.8,5.8,5.7,5.8,5.9,6.5,6.5,6.0,
1997,5,11,1997/05/11,,-9.5,-10.5,-10.9,-10.6,-4.8,-0.3,-1.4,-2.3,-2.6,-0.5,2.5,3.0,3.5,4.1,4.1,3.0,2.1,1.3,1.2,1.4,2.0,2.6,2.9,2.7,2.0,1.4,0.7,0.1,-0.4,-1.0,-1.1,-0.8,-0.9,-1.3,-1.5,-1.8,-1.6,-1.3,-1.1,-0.7,-0.2,0.0,0.1,0.0,-0.2,-0.7,-0.9,-0.9,
1997,5,12,1997/05/12,,9.2,8.0,7.5,7.0,4.1,1.8,0.9,0.1,-0.6,-1.6,-2.7,-3.4,-3.8,-2.8,-1.8,-0.8,0.0,0.6,0.3,-0.1,-0.1,-0.4,-1.1,-1.6,-1.7,-2.2,-3.0,-2.9,-2.6,-2.1,-1.6,-1.1,-0.8,-0.6,-0.3,0.1,0.4,0.3,-0.5,-1.1,-1.6,-2.3,-2.9,-2.9,-2.9,-2.9,-2.8,-2.7,
1997,5,13,1997/05/13,,2.4,2.8,1.0,-1.3,-2.7,-2.8,1.8,5.0,6.2,6.6,6.7,5.9,4.8,3.4,2.2,1.9,2.1,2.8,2.4,1.6,1.1,0.7,0.6,0.8,1.6,2.5,3.6,4.3,4.8,4.6,4.2,3.5,3.3,3.4,3.5,3.7,3.7,3.8,3.7,3.8,4.1,4.1,4.0,3.8,3.7,3.9,3.8,3.5,
1997,5,14,1997/05/14,,-6.0,-3.9,-1.8,0.4,4.9,8.3,7.3,6.2,4.9,4.9,5.9,5.8,5.6,5.3,5.0,4.5,4.0,3.4,3.5,3.8,5.2,6.3,6.6,6.6,6.3,5.6,4.7,3.9,3.3,2.9,2.9,3.2,3.4,3.4,2.7,1.9,1.9,2.2,2.5,3.1,3.9,4.1,4.2,4.0,3.8,3.7,3.6,3.4,
1997,5,15,1997/05/15,,7.2,8.6,8.8,8.7,7.3,5.5,2.6,1.5,2.9,3.4,3.5,2.7,1.9,2.7,3.2,2.7,2.1,1.6,1.5,1.5,0.9,0.2,-0.4,-0.8,-1.0,-1.2,-1.6,-1.4,-1.3,-1.7,-1.8,-1.5,-1.2,-0.9,-0.8,-0.8,-1.1,-1.3,-1.2,-1.4,-1.9,-2.2,-2.4,-2.3,-2.3,-2.5,-2.3,-2.0,
1997,5,16,1997/05/16,,0.1,-0.5,-1.7,-2.7,-4.1,-4.6,-1.4,0.4,0.9,-0.3,-2.4,-3.9,-5.1,-4.6,-3.9,-2.8,-2.6,-3.2,-3.9,-4.6,-4.7,-4.6,-3.9,-3.5,-3.6,-3.2,-2.5,-1.3,-0.3,0.0,0.0,-0.3,-0.3,0.0,0.6,1.3,1.3,1.2,1.0,1.0,1.1,1.3,1.5,1.1,0.9,1.1,0.9,0.5,
1997,5,17,1997/05/17,,-14.5,-15.2,-12.4,-8.9,-2.1,3.5,5.4,5.7,4.0,3.4,3.4,3.8,4.1,3.4,2.6,1.6,1.5,2.0,2.0,2.0,2.1,2.2,1.8,1.8,2.2,2.3,2.3,1.8,1.3,0.6,0.0,-0.5,-0.7,-0.7,-0.5,-0.3,-1.2,-1.8,-1.7,-1.4,-1.1,-1.3,-1.7,-2.0,-2.2,-2.1,-1.6,-0.9,
1997,5,18,1997/05/18,,18.4,19.9,21.5,22.8,20.1,17.2,14.0,12.1,12.1,12.1,12.3,10.0,7.6,7.2,6.5,5.3,3.9,2.3,1.8,1.7,1.9,2.2,2.5,2.6,2.5,2.3,2.0,1.8,1.6,1.9,2.2,2.7,2.4,1.8,1.0,0.5,0.9,1.2,1.5,1.8,2.1,2.2,2.2,2.5,2.7,2.3,1.9,1.6,
1997,5,19,1997/05/19,,4.5,3.0,2.1,1.3,-1.7,-3.9,-3.9,-3.7,-3.2,-3.1,-3.3,-3.1,-2.7,-2.0,-1.3,-0.7,-0.3,0.0,-0.3,-0.8,-1.4,-1.8,-1.9,-2.1,-2.2,-2.2,-2.2,-1.7,-1.1,-0.9,-0.6,-0.2,0.1,0.2,-0.3,-0.8,-0.6,-0.5,-0.5,-0.5,-0.5,0.3,1.0,1.0,0.9,0.6,0.7,1.0,
1997,5,20,1997/05/20,,-15.0,-15.6,-13.9,-11.6,-6.4,-1.6,1.7,3.4,2.8,1.9,0.9,-1.4,-3.7,-4.5,-5.0,-4.7,-4.3,-4.0,-3.6,-3.1,-2.2,-1.4,-0.8,-0.4,-0.1,0.0,0.1,-0.1,-0.4,-1.0,-1.4,-1.6,-1.3,-0.8,-1.0,-1.3,-1.6,-1.8,-2.0,-2.3,-2.6,-2.9,-2.9,-2.3,-1.8,-1.4,-0.9,-0.6,
1997,5,21,1997/05/21,,12.4,13.5,14.8,15.8,14.4,12.8,9.8,8.0,7.3,7.4,8.1,6.5,4.7,3.8,3.0,2.7,2.1,1.3,1.0,0.8,0.4,0.1,0.1,0.0,-0.3,-0.5,-0.6,-0.7,-0.8,-0.4,0.0,0.6,0.5,0.2,-0.4,-0.9,-0.6,0.0,0.6,0.7,0.5,0.9,1.4,1.8,2.1,2.3,2.1,1.7,
1997,5,22,1997/05/22,,12.0,14.2,13.4,11.6,6.1,1.4,1.1,1.2,2.3,2.7,2.7,2.4,2.1,2.7,3.2,3.4,3.2,2.7,2.7,3.0,3.1,2.9,2.1,1.6,1.4,1.2,1.1,1.6,1.9,1.8,1.6,1.4,1.2,1.0,0.9,0.9,1.0,0.9,0.9,1.3,1.9,2.5,2.9,2.6,2.3,2.0,1.3,0.3,
1997,5,23,1997/05/23,,-9.5,-12.0,-9.6,-5.9,-0.6,3.9,6.1,7.0,6.0,5.1,4.0,2.4,0.7,-1.6,-3.0,-2.9,-2.8,-2.8,-2.6,-2.2,-1.6,-1.0,-0.5,-0.2,-0.3,-0.2,0.0,0.4,0.6,0.4,0.3,0.3,0.5,0.9,0.8,0.4,-0.6,-1.5,-2.1,-2.2,-1.9,-1.7,-1.4,-1.0,-0.8,-0.6,-0.3,-0.2,
1997,5,24,1997/05/24,,3.5,5.0,5.5,6.2,3.9,1.4,-1.6,-3.1,-2.6,-1.3,-0.1,0.2,0.4,1.2,1.7,1.4,1.4,1.7,1.5,1.2,1.3,1.4,1.2,0.9,0.5,0.2,-0.1,0.3,0.6,0.6,0.5,0.5,0.3,0.0,-0.2,-0.3,0.4,1.0,1.3,1.5,1.8,2.2,2.5,2.8,3.1,3.2,3.1,2.9,
1997,5,25,1997/05/25,,10.2,14.9,16.2,16.5,12.7,9.5,8.6,8.5,9.2,9.1,8.8,8.1,7.1,7.0,6.5,5.0,3.8,2.9,1.9,1.0,0.7,0.5,0.6,0.8,0.9,1.4,2.1,2.0,1.8,1.2,0.8,0.5,-0.1,-0.7,-0.5,-0.3,0.0,0.2,0.1,0.2,0.2,0.2,0.1,0.1,0.1,-0.1,0.1,0.3,
1997,5,26,1997/05/26,,-2.5,-2.7,-0.4,2.5,4.4,5.9,7.5,8.0,6.2,4.7,3.5,3.1,2.8,2.2,1.5,0.7,0.6,1.0,1.6,2.2,2.2,2.1,2.3,2.8,3.0,2.8,2.3,1.9,1.6,1.4,1.4,1.8,1.9,1.7,2.2,2.6,2.1,1.9,1.9,2.0,2.1,2.1,2.0,2.1,2.2,2.0,1.8,1.4,
1997,5,27,1997/05/27,,6.1,7.2,8.9,10.8,10.2,8.9,8.0,7.6,7.8,9.1,10.7,10.3,9.0,7.4,6.2,5.4,4.7,4.2,4.1,4.1,3.7,3.3,3.4,3.6,3.3,3.5,4.0,4.0,4.0,4.4,4.9,5.0,4.9,4.7,4.7,4.8,4.9,5.3,5.6,5.7,5.9,5.9,5.9,5.7,5.4,5.3,4.9,3.9,
1997,5,28,1997/05/28,,13.0,16.4,15.9,14.5,11.9,9.3,8.1,6.8,5.3,4.3,3.6,3.2,2.7,1.8,1.2,1.4,2.0,2.8,3.6,4.4,4.6,4.8,4.3,3.8,3.3,2.8,2.4,2.0,1.7,2.0,2.1,1.9,1.4,0.6,0.9,1.2,1.0,0.9,0.8,0.6,0.1,0.3,0.5,0.5,0.7,1.0,1.0,0.7,
1997,5,29,1997/05/29,,5.5,6.6,8.4,10.2,9.7,8.9,8.0,7.2,6.7,6.8,7.5,7.5,7.2,6.7,6.0,4.6,3.4,2.4,1.5,0.7,0.0,-0.6,-1.1,-1.5,-1.6,-1.7,-1.7,-1.6,-1.6,-2.1,-2.3,-2.0,-1.8,-1.5,-1.2,-1.2,-1.5,-1.7,-1.6,-1.5,-1.5,-1.4,-1.5,-1.1,-0.7,-0.3,-0.2,-0.5,
1997,5,30,1997/05/30,,-5.8,-1.4,3.1,6.9,6.5,5.8,4.7,3.3,1.8,2.5,5.4,7.3,8.4,7.6,7.0,7.2,7.5,8.2,8.8,9.2,9.8,10.2,10.1,10.1,10.3,10.3,10.2,10.6,10.9,10.4,9.8,9.0,8.3,7.9,7.7,7.7,7.4,7.3,7.7,8.0,8.3,8.3,8.0,7.6,7.2,6.5,6.0,5.7,
1997,5,31,1997/05/31,,20.4,21.8,18.6,14.7,12.8,11.0,10.5,10.4,10.4,9.7,8.7,8.3,7.8,7.2,6.7,6.9,7.2,7.5,8.2,8.8,8.7,8.3,7.5,6.8,6.3,6.9,7.9,8.3,8.6,8.7,8.9,9.3,9.4,9.4,9.2,8.8,8.7,8.6,8.5,8.4,8.3,8.0,7.5,7.6,7.6,7.4,7.1,6.5,
1997,6,1,1997/06/01,,19.5,19.2,16.6,13.8,11.8,10.1,9.4,9.2,9.6,9.2,8.3,7.5,7.1,7.7,8.1,7.9,7.7,7.3,6.6,5.8,5.2,4.7,4.0,3.1,2.0,1.6,1.6,1.4,0.9,0.4,0.1,0.2,0.4,0.7,0.8,0.8,0.4,0.2,0.3,0.2,0.1,-0.2,-0.3,-0.4,-0.4,-0.4,-0.2,0.2,
1997,6,2,1997/06/02,,-2.7,-4.3,-2.2,1.4,3.2,4.1,3.6,3.1,2.4,1.5,0.5,1.2,2.5,3.8,5.1,6.0,7.2,8.6,9.1,9.0,8.4,7.8,7.3,7.1,7.6,7.9,8.0,7.7,7.6,7.1,6.7,6.3,5.7,5.3,5.5,5.6,5.3,5.0,4.2,3.8,3.8,4.2,4.8,5.0,5.2,5.8,6.1,6.0,
1997,6,3,1997/06/03,,8.2,9.4,10.5,11.7,11.9,12.0,11.6,11.1,10.6,10.0,9.1,8.8,8.6,7.7,7.0,6.8,7.0,7.7,7.5,7.0,6.4,6.0,6.4,7.4,9.0,9.7,9.7,9.2,8.6,8.2,8.0,7.9,8.0,8.3,8.9,9.4,9.1,8.6,8.2,7.9,7.6,7.4,7.1,7.5,7.9,8.6,9.0,9.3,
1997,6,4,1997/06/04,,22.1,23.4,21.1,18.3,17.1,15.7,14.1,13.3,14.1,14.0,13.3,12.5,11.8,11.1,10.3,9.3,8.4,7.5,6.3,4.8,4.6,4.6,5.0,5.3,5.1,4.8,4.5,4.6,4.9,5.8,6.3,6.4,6.4,6.4,5.6,4.7,4.1,3.7,3.4,3.1,2.9,3.4,4.0,4.4,4.8,5.0,4.9,4.6,
1997,6,5,1997/06/05,,9.1,4.8,1.0,-3.0,-0.7,2.1,3.4,4.6,5.5,5.2,4.0,2.9,2.1,3.7,5.2,5.9,5.5,3.9,2.9,2.4,2.7,2.8,2.4,1.4,-0.3,-0.6,-0.4,0.6,1.7,2.2,2.5,2.9,2.5,1.4,1.0,0.7,0.9,1.1,1.5,1.5,1.5,1.6,1.6,2.0,2.6,3.3,3.7,3.7,
1997,6,6,1997/06/06,,-0.3,1.5,5.5,9.8,10.8,11.0,8.8,7.3,6.6,5.2,3.1,2.6,2.3,2.5,3.1,4.0,5.1,6.5,7.1,7.5,7.5,7.6,7.7,7.8,8.0,8.1,8.2,8.9,9.5,9.0,8.6,8.2,7.5,6.8,6.3,6.1,6.2,6.4,6.4,6.1,5.7,5.9,6.3,6.6,6.8,6.3,5.6,4.9,
1997,6,7,1997/06/07,,23.1,25.3,25.0,24.1,21.8,19.2,15.6,12.3,9.5,7.5,6.2,6.3,6.7,5.9,5.5,6.3,7.3,8.5,8.7,8.4,6.8,5.5,5.9,6.1,6.3,6.8,7.6,7.3,7.1,6.5,6.0,5.5,4.9,4.4,4.3,4.3,4.6,5.1,5.7,6.2,6.8,6.7,6.4,6.3,6.1,6.2,6.1,5.6,
1997,6,8,1997/06/08,,21.0,20.6,14.5,6.8,3.6,1.9,4.4,6.2,7.0,7.1,7.0,7.1,7.5,7.2,6.6,6.0,4.8,3.0,1.9,1.1,0.9,0.7,0.5,0.3,0.1,0.2,0.5,0.1,-0.6,-1.1,-1.5,-1.5,-1.1,-0.4,0.6,1.7,3.0,4.0,4.7,4.8,4.4,3.8,3.2,3.5,3.8,3.7,3.6,3.5,
1997,6,9,1997/06/09,,-8.1,-5.5,-2.9,-0.4,2.4,5.2,7.1,8.0,7.2,6.9,6.9,6.6,6.6,7.2,7.6,7.2,7.0,7.1,7.3,7.6,7.9,8.3,7.8,7.0,6.1,6.3,7.1,8.3,9.4,9.6,9.9,10.1,10.6,11.4,11.3,11.0,9.8,8.9,8.6,8.6,8.6,8.7,8.9,9.1,9.0,8.4,7.9,7.4,
1997,6,10,1997/06/10,,23.4,24.4,25.0,25.7,24.1,21.4,15.4,11.2,9.2,7.3,5.6,4.2,2.9,2.8,2.9,3.3,3.9,4.6,5.4,6.1,6.8,7.4,7.4,7.0,6.2,5.7,5.4,4.7,4.1,3.9,3.9,4.1,4.9,6.0,5.7,5.2,3.6,2.5,2.1,1.9,1.8,2.2,2.6,2.0,1.7,1.4,1.5,1.9,
1997,6,11,1997/06/11,,19.4,20.5,19.0,16.8,9.3,1.9,-3.6,-6.0,-4.2,-1.8,0.8,1.7,2.1,1.0,-0.1,-0.9,-1.2,-0.8,-0.4,0.1,-0.1,-0.4,-0.6,-0.7,-0.6,0.1,0.9,1.0,0.9,0.6,0.3,-0.2,-0.6,-1.2,-0.9,-0.5,0.6,1.6,2.5,2.8,2.8,2.9,3.0,2.9,2.7,2.3,2.2,2.1,
1997,6,12,1997/06/12,,7.7,6.2,2.6,-1.3,0.0,2.0,5.9,8.6,9.8,10.9,11.8,11.3,10.4,9.7,9.3,9.6,9.5,8.9,7.9,6.7,6.3,5.7,5.2,5.3,6.2,6.6,6.8,7.4,8.0,8.3,8.5,8.5,8.2,7.7,7.3,7.1,7.5,8.2,9.1,9.6,9.7,9.8,9.8,10.3,10.5,10.1,9.6,9.1,
1997,6,13,1997/06/13,,4.3,1.7,3.4,5.9,8.8,11.1,11.6,10.7,8.1,6.3,4.9,2.7,0.5,-0.7,-1.1,-0.1,0.5,0.7,0.3,-0.4,-0.1,0.2,0.5,0.2,-0.7,-0.9,-0.9,-0.7,-0.4,0.5,1.2,1.7,1.7,1.6,1.3,1.0,1.0,0.8,0.6,0.3,0.0,0.0,0.1,0.7,1.2,1.7,2.1,2.5,
1997,6,14,1997/06/14,,23.8,26.0,23.3,19.6,15.6,11.5,6.9,3.4,1.4,0.6,0.6,0.5,0.4,0.3,0.3,0.0,0.2,0.7,1.0,1.1,2.0,2.9,3.8,4.2,4.1,2.9,1.3,0.7,0.4,1.0,1.3,1.2,1.1,0.9,1.1,1.2,0.6,0.2,0.0,-0.2,-0.5,-0.7,-0.8,-0.6,-0.4,-0.4,-0.2,0.0,
1997,6,15,1997/06/15,,2.5,1.9,0.0,-2.2,-3.8,-5.1,-5.1,-4.2,-2.3,0.7,4.3,5.2,5.5,4.2,2.9,1.8,1.2,0.8,1.2,1.8,2.0,2.2,2.3,2.4,2.5,2.2,1.6,1.9,2.2,2.7,2.8,2.5,2.4,2.4,2.7,2.9,2.8,2.8,3.1,3.9,4.9,5.4,5.9,6.1,6.0,5.4,4.9,4.5,
1997,6,16,1997/06/16,,8.6,2.4,1.8,2.1,3.9,5.7,7.8,9.3,10.0,10.2,10.3,8.5,6.4,4.4,2.9,2.6,2.5,2.7,2.6,2.3,2.0,1.5,0.7,0.2,0.1,0.4,0.9,1.0,0.9,0.8,0.6,0.1,-0.2,-0.5,-0.3,0.1,1.2,2.2,3.3,3.8,4.1,4.2,4.3,4.2,4.0,3.7,3.5,3.3,
1997,6,17,1997/06/17,,26.4,25.5,23.8,22.1,20.3,18.4,16.2,13.5,10.3,6.5,2.2,0.3,-1.1,0.3,1.5,2.3,2.5,2.3,2.3,2.4,1.9,1.6,1.8,2.5,3.9,4.4,4.7,3.9,3.2,3.4,3.4,3.3,3.4,3.7,4.0,4.2,4.3,4.4,4.5,4.1,3.4,2.7,2.1,1.7,1.5,1.4,1.4,1.5,
1997,6,18,1997/06/18,,15.0,15.4,14.1,12.5,11.8,10.3,6.3,2.3,-1.4,-2.6,-2.4,-1.4,-0.1,1.7,3.1,3.5,3.4,2.8,2.2,1.8,1.4,1.3,1.7,1.7,1.2,0.7,0.3,0.4,0.5,0.6,1.0,2.0,2.8,3.4,3.5,3.4,2.1,1.3,1.1,0.8,0.5,0.7,1.0,1.5,1.9,2.5,2.9,3.4,
1997,6,19,1997/06/19,,3.5,-1.9,-3.1,-3.2,-2.3,-1.5,-2.2,-1.8,0.0,2.5,5.2,5.6,5.4,3.7,2.1,0.7,0.2,0.5,1.2,1.8,1.9,1.7,1.1,0.7,0.7,1.3,2.0,2.8,3.4,3.2,3.0,2.7,2.3,1.9,2.0,2.2,2.5,2.9,3.6,3.9,4.0,3.9,3.8,3.6,3.5,3.6,3.2,2.5,
1997,6,20,1997/06/20,,34.6,34.0,29.5,24.2,20.9,18.8,20.8,22.1,22.1,20.5,18.0,15.7,13.4,10.9,8.4,5.8,4.2,3.8,3.9,4.3,4.8,5.3,5.9,5.8,5.1,4.8,4.6,4.4,4.2,4.0,3.8,3.8,3.8,3.9,3.8,3.9,4.7,5.5,6.5,6.9,6.9,6.6,6.3,6.1,5.9,5.7,5.1,4.4,
1997,6,21,1997/06/21,,20.6,21.4,19.3,16.6,15.8,14.9,14.5,12.7,9.1,5.7,2.3,0.7,-0.5,0.0,1.2,3.8,4.9,4.9,4.2,3.3,2.7,2.4,2.8,3.2,3.8,3.4,2.8,2.9,3.0,3.4,3.9,4.3,4.3,4.4,4.1,3.8,3.2,2.8,2.8,2.8,2.8,3.2,3.6,3.3,3.2,3.5,3.7,3.9,
1997,6,22,1997/06/22,,2.7,1.0,3.9,7.3,6.5,4.8,0.6,-1.8,-1.7,-0.2,1.9,2.5,3.0,3.4,3.9,4.4,4.8,4.9,4.4,3.8,3.1,2.7,3.2,3.7,4.1,4.4,4.6,4.2,4.0,4.6,5.1,5.4,5.2,4.5,3.5,2.7,2.3,1.8,1.0,0.5,-0.1,-0.2,-0.2,-0.3,-0.2,0.4,0.7,0.6,
1997,6,23,1997/06/23,,24.6,23.3,20.5,17.3,13.2,9.5,8.5,9.4,12.0,13.0,12.9,12.1,11.3,9.3,7.3,5.8,4.7,3.9,4.1,4.5,4.5,4.2,3.1,2.7,3.0,3.1,3.2,3.5,3.5,3.9,4.1,4.2,4.0,3.7,3.9,4.0,4.1,4.3,4.7,4.9,4.9,4.7,4.5,4.4,4.5,4.7,4.7,4.5,
1997,6,24,1997/06/24,,40.3,36.4,31.5,26.7,21.6,17.4,15.6,14.9,16.4,16.2,15.1,12.2,9.1,7.9,6.7,5.2,3.5,1.6,1.3,1.4,1.6,1.6,1.3,1.4,1.9,2.3,2.7,2.8,2.9,2.6,2.1,1.3,0.7,0.3,0.0,0.0,0.5,1.1,1.7,2.2,2.5,2.6,2.6,2.2,2.2,2.5,2.5,2.2,
1997,6,25,1997/06/25,,23.7,21.4,17.8,14.3,14.0,14.4,15.9,15.1,11.4,7.2,3.0,2.4,2.5,3.7,4.7,5.4,6.0,6.6,6.6,6.3,6.7,7.3,8.1,8.2,7.6,7.0,6.4,6.5,6.6,6.3,6.2,5.9,5.7,5.6,5.0,4.4,3.9,3.7,3.8,3.7,3.3,3.2,3.1,2.5,2.0,1.7,1.7,1.8,
1997,6,26,1997/06/26,,12.3,13.9,13.2,12.0,9.7,7.7,6.3,4.1,1.2,0.2,0.1,1.5,2.9,3.0,3.2,4.0,5.1,6.1,5.9,5.3,3.9,2.8,2.8,2.2,1.0,0.3,-0.2,0.1,0.6,1.5,2.1,2.3,2.7,3.3,3.6,3.7,3.5,3.4,3.5,3.1,2.2,1.8,1.6,1.4,1.2,0.9,0.7,0.4,
1997,6,27,1997/06/27,,35.7,32.2,28.4,24.1,20.7,17.3,13.7,9.9,6.1,5.8,7.5,8.8,9.5,7.3,5.3,3.4,2.6,2.7,3.4,4.1,3.8,3.2,2.0,1.2,0.6,0.2,-0.3,-0.1,-0.3,-1.8,-2.9,-3.7,-3.8,-3.7,-2.9,-1.9,-1.2,-0.7,-0.6,-0.6,-0.6,-0.4,0.0,0.2,0.5,0.9,1.1,1.2,
1997,6,28,1997/06/28,,33.6,33.9,29.6,24.6,19.9,15.9,14.0,12.3,11.0,11.7,13.3,13.0,12.2,9.6,7.4,5.5,3.7,1.8,0.7,-0.1,0.9,1.9,2.9,3.6,3.9,4.3,4.6,4.2,3.7,3.1,2.4,1.8,1.2,0.7,0.2,-0.2,0.1,0.1,-0.3,-0.1,0.6,0.8,0.9,1.1,1.4,1.8,1.8,1.3,
1997,6,29,1997/06/29,,21.3,16.6,14.8,13.6,13.2,12.5,10.7,9.7,9.8,8.3,6.0,3.0,0.5,1.3,2.2,3.5,4.2,4.3,3.5,2.5,2.4,2.3,2.2,1.8,1.2,1.1,1.1,1.6,2.1,2.9,3.5,4.1,4.2,4.1,3.9,3.6,3.5,3.3,3.0,2.9,3.0,3.0,2.9,2.4,2.1,2.0,1.7,1.4,
1997,6,30,1997/06/30,,12.9,11.7,11.5,11.3,10.3,8.9,6.1,3.8,1.8,-0.8,-3.7,-3.9,-3.5,-1.3,0.5,1.2,2.0,2.7,2.8,2.8,2.2,1.5,1.0,0.3,-0.6,-1.3,-1.8,-1.9,-1.9,-2.1,-2.1,-2.1,-1.4,-0.4,-0.1,0.1,-0.1,-0.3,-0.4,-0.7,-0.8,-1.5,-2.2,-2.2,-2.3,-2.3,-2.1,-1.8,
1997,7,1,1997/07/01,,21.4,22.9,22.9,22.4,19.7,17.3,16.0,15.0,14.4,12.3,9.6,10.5,11.7,11.3,9.8,6.8,4.4,2.6,2.2,2.2,1.6,1.2,1.4,1.6,1.6,1.9,2.2,2.3,2.3,2.0,1.6,1.2,0.7,0.2,0.2,0.4,0.9,1.3,1.7,1.9,2.1,2.2,2.2,2.3,2.4,2.6,2.3,1.8,
1997,7,2,1997/07/02,,45.0,47.5,42.0,35.0,25.6,17.4,13.1,10.8,10.5,11.1,12.0,11.1,9.8,6.0,2.8,0.5,-1.0,-1.8,-2.3,-2.7,-2.5,-2.2,-1.5,-0.8,-0.2,0.5,1.2,1.6,1.8,1.1,0.7,0.8,0.4,-0.3,-0.9,-1.6,-2.0,-2.3,-2.5,-2.5,-2.3,-1.7,-1.2,-0.7,-0.4,-0.3,-0.3,-0.1,
1997,7,3,1997/07/03,,25.0,21.2,17.3,13.2,9.8,7.3,7.2,7.8,9.3,8.3,5.9,0.9,-4.1,-6.0,-6.4,-3.8,-1.6,0.0,0.8,1.3,1.1,0.7,0.0,-0.3,-0.3,-1.0,-1.8,-1.7,-1.5,-1.6,-1.2,-0.3,0.2,0.7,0.6,0.6,0.5,0.3,-0.2,-0.7,-1.3,-1.0,-0.7,-0.7,-0.8,-0.8,-0.7,-0.5,
1997,7,4,1997/07/04,,9.3,5.5,3.5,2.6,6.7,10.3,11.3,9.8,5.9,2.6,-0.2,0.0,0.4,1.9,3.0,3.3,3.5,3.6,3.6,3.4,2.6,2.0,1.8,1.1,0.1,0.0,0.2,-0.1,-0.3,-0.2,-0.1,-0.1,0.5,1.2,1.8,2.4,2.9,3.3,3.6,3.5,3.3,2.6,1.9,0.6,-0.4,-1.0,-1.2,-1.1,
1997,7,5,1997/07/05,,48.5,50.1,45.6,40.1,30.1,21.1,15.0,10.6,8.3,7.1,6.3,6.9,7.4,8.5,8.6,6.5,4.7,2.8,1.2,-0.3,-1.1,-1.6,-1.6,-1.7,-1.6,-1.5,-1.4,-1.2,-1.2,-1.1,-1.2,-1.4,-1.9,-2.6,-3.4,-4.2,-4.8,-5.1,-5.2,-4.7,-3.9,-3.4,-2.9,-2.7,-2.4,-2.1,-1.7,-1.4,
1997,7,6,1997/07/06,,46.6,44.1,39.6,34.9,31.3,27.0,20.6,15.2,11.4,9.2,7.8,6.8,5.8,3.4,0.8,-2.6,-4.6,-5.3,-4.9,-4.1,-3.8,-3.6,-3.3,-2.7,-2.1,-2.0,-2.1,-2.5,-2.9,-3.0,-3.0,-2.6,-2.7,-3.0,-3.4,-3.8,-4.2,-4.8,-5.5,-5.8,-5.7,-5.8,-5.9,-5.3,-4.6,-3.6,-2.8,-2.2,
1997,7,7,1997/07/07,,20.9,12.7,6.7,1.3,2.1,3.2,4.8,6.4,7.9,7.7,6.7,4.2,1.7,0.3,-0.5,0.2,0.6,1.1,2.1,3.0,2.8,2.5,2.0,1.8,1.7,1.9,2.2,2.7,3.2,2.8,2.6,2.6,3.0,3.5,4.0,4.5,4.6,4.6,4.7,4.7,4.7,5.1,5.5,5.8,6.1,6.2,5.7,4.8,
1997,7,8,1997/07/08,,35.5,36.4,34.8,32.6,26.0,20.1,16.6,13.5,10.9,8.5,6.1,5.1,4.5,5.4,5.9,5.5,4.6,3.2,1.9,0.5,-0.3,-1.2,-1.9,-2.5,-2.9,-2.8,-2.6,-2.6,-2.7,-3.1,-3.4,-3.8,-3.9,-4.0,-3.7,-3.5,-3.5,-3.4,-3.2,-3.2,-3.5,-4.0,-4.3,-4.2,-4.3,-4.9,-5.0,-5.0,
1997,7,9,1997/07/09,,44.9,43.7,40.8,37.3,32.2,26.6,18.8,12.3,7.7,3.7,0.0,-0.2,0.3,0.4,0.0,-1.8,-3.6,-5.5,-7.1,-8.5,-8.4,-8.2,-7.2,-6.0,-4.7,-4.5,-4.7,-4.5,-4.4,-4.5,-4.6,-4.8,-5.4,-6.1,-6.8,-7.4,-7.7,-8.0,-8.3,-8.0,-7.5,-6.5,-5.5,-5.2,-5.0,-4.6,-4.6,-4.8,
1997,7,10,1997/07/10,,30.1,28.7,23.3,17.3,12.7,9.2,9.4,9.4,9.3,7.9,5.6,4.4,3.3,1.3,-0.4,-0.9,-1.3,-1.8,-2.6,-3.5,-3.8,-3.8,-3.2,-2.8,-2.6,-2.3,-2.0,-1.9,-1.6,-0.4,0.2,0.1,-0.1,-0.4,-0.7,-1.0,-1.6,-1.8,-1.5,-1.3,-1.2,-0.4,0.3,0.7,1.1,1.5,1.9,2.4,
1997,7,11,1997/07/11,,28.7,25.7,19.7,13.1,9.0,6.1,6.8,7.3,7.5,8.4,9.5,7.6,5.2,3.0,1.5,1.7,1.8,1.8,0.9,-0.3,-1.5,-2.5,-2.9,-3.5,-4.4,-4.7,-4.8,-4.8,-4.6,-3.9,-3.5,-3.4,-3.0,-2.5,-1.9,-1.3,-0.9,-0.6,-0.5,-0.7,-0.8,-1.4,-2.0,-2.3,-2.8,-3.6,-4.1,-4.3,
1997,7,12,1997/07/12,,36.5,32.0,28.7,25.8,23.8,21.2,15.8,10.5,5.0,1.3,-1.2,-3.1,-4.6,-3.2,-2.2,-2.4,-2.9,-3.9,-4.3,-4.5,-4.5,-4.6,-5.3,-6.0,-6.7,-7.1,-7.3,-7.4,-7.5,-8.0,-8.1,-7.6,-7.4,-7.4,-7.3,-7.1,-7.2,-7.3,-7.6,-7.8,-8.2,-8.2,-8.1,-8.4,-8.7,-8.8,-8.5,-8.1,
1997,7,13,1997/07/13,,22.7,25.0,23.6,21.1,18.3,15.8,14.7,13.1,10.7,7.8,4.3,2.5,1.2,0.1,-1.1,-1.8,-2.5,-3.3,-3.9,-4.3,-3.8,-3.4,-3.1,-2.9,-3.0,-3.5,-4.3,-4.5,-4.4,-3.6,-2.9,-2.5,-2.3,-2.3,-3.4,-4.6,-5.5,-6.1,-5.9,-5.3,-4.5,-3.8,-3.1,-2.1,-1.4,-1.2,-1.0,-0.8,
1997,7,14,1997/07/14,,20.9,21.4,18.7,15.2,10.0,5.6,4.5,3.9,4.1,4.6,5.4,4.6,3.6,2.1,0.5,-0.9,-1.9,-2.4,-2.6,-2.6,-2.5,-2.5,-2.4,-2.3,-2.0,-2.2,-2.6,-2.9,-3.2,-3.3,-3.3,-3.3,-3.2,-3.0,-2.9,-2.7,-2.5,-2.4,-2.3,-2.1,-1.6,-1.3,-1.0,-0.7,-0.7,-1.5,-1.6,-1.3,
1997,7,15,1997/07/15,,25.1,19.8,16.9,14.5,10.8,7.1,2.3,-0.3,0.4,0.9,1.3,0.0,-1.7,-2.5,-2.9,-2.3,-2.1,-2.3,-2.4,-2.6,-2.5,-2.7,-3.9,-4.9,-5.8,-5.4,-4.4,-3.3,-2.3,-2.0,-2.2,-2.9,-3.6,-4.4,-4.8,-5.1,-5.0,-4.9,-4.8,-4.6,-4.4,-4.9,-5.6,-6.0,-6.6,-7.6,-8.0,-7.8,
1997,7,16,1997/07/16,,24.9,25.4,21.5,16.8,16.5,16.4,16.5,14.5,9.5,5.4,1.9,0.1,-1.4,-0.8,-0.4,-0.4,-0.7,-1.5,-1.5,-1.4,-0.5,0.3,-0.2,-1.2,-3.1,-4.5,-5.6,-6.0,-6.4,-6.5,-6.5,-6.2,-6.3,-6.5,-7.2,-7.8,-7.8,-7.7,-7.0,-6.6,-6.3,-6.2,-6.2,-5.5,-5.0,-4.9,-4.7,-4.2,
1997,7,17,1997/07/17,,17.4,18.5,14.8,10.0,5.5,2.0,3.3,4.4,5.3,4.6,2.9,1.9,1.0,-0.9,-3.0,-5.4,-6.7,-7.1,-7.1,-7.0,-5.7,-4.5,-3.7,-3.3,-3.3,-2.8,-2.0,-1.7,-1.6,-2.4,-3.1,-3.3,-3.2,-3.1,-2.9,-2.7,-2.9,-3.0,-3.1,-3.2,-3.5,-3.9,-4.3,-4.0,-3.8,-3.9,-3.8,-3.9,
1997,7,18,1997/07/18,,43.0,36.0,30.6,25.7,22.5,19.5,15.3,11.6,7.4,4.6,2.8,2.3,2.4,2.5,2.6,2.5,2.1,1.3,1.0,0.7,-0.5,-1.6,-1.9,-2.2,-2.6,-2.8,-3.0,-2.5,-1.8,-2.1,-2.5,-2.7,-2.9,-3.2,-3.3,-3.3,-3.1,-2.7,-2.1,-1.8,-1.8,-2.6,-3.7,-4.1,-4.3,-4.5,-4.6,-4.6,
1997,7,19,1997/07/19,,21.7,13.0,8.4,6.1,10.7,15.5,15.5,13.8,9.3,4.6,0.2,-2.2,-4.0,-4.3,-4.1,-3.1,-2.2,-1.7,-1.8,-2.3,-3.1,-3.9,-4.3,-4.8,-5.3,-5.9,-6.6,-7.2,-7.8,-8.3,-8.7,-9.1,-9.5,-9.8,-9.8,-9.8,-10.1,-10.3,-10.4,-10.4,-10.4,-10.3,-10.0,-10.1,-10.2,-10.7,-10.8,-10.4,
1997,7,20,1997/07/20,,13.2,15.8,13.5,10.3,7.2,5.0,5.9,6.6,6.6,5.6,3.9,2.5,1.1,0.1,-0.4,-0.2,0.4,1.2,1.3,1.2,0.4,-0.2,-0.2,-0.6,-0.9,-1.0,-1.1,-1.2,-1.3,-1.4,-1.5,-1.5,-1.8,-2.2,-3.2,-4.1,-4.1,-3.8,-3.0,-2.4,-2.0,-2.6,-3.5,-4.1,-4.8,-5.3,-5.3,-4.8,
1997,7,21,1997/07/21,,33.8,38.1,32.9,25.2,17.7,11.0,5.8,1.5,-1.6,-2.7,-2.8,-1.5,0.1,0.7,0.6,-0.5,-1.2,-1.9,-2.7,-3.4,-3.8,-4.4,-4.8,-5.1,-5.4,-5.3,-4.8,-4.8,-4.6,-4.8,-5.0,-5.2,-5.3,-5.1,-5.0,-4.8,-4.9,-4.9,-4.9,-4.8,-4.6,-4.5,-4.5,-5.1,-5.6,-5.5,-5.4,-5.5,
1997,7,22,1997/07/22,,46.2,38.0,27.8,17.3,13.6,10.8,8.2,5.2,2.2,-0.3,-2.4,-2.9,-2.8,-2.4,-2.1,-2.4,-3.0,-3.6,-3.9,-4.2,-4.5,-4.5,-4.5,-4.5,-4.4,-5.2,-6.3,-6.6,-6.6,-7.4,-8.2,-8.9,-9.3,-9.4,-9.1,-8.8,-9.3,-9.8,-9.9,-10.1,-10.1,-9.6,-8.9,-8.3,-7.6,-6.8,-6.1,-5.7,
1997,7,23,1997/07/23,,19.7,12.5,8.5,5.8,9.4,13.2,16.6,19.5,20.3,18.8,15.4,11.6,7.9,6.0,5.0,5.6,6.2,6.9,6.4,5.4,4.7,3.8,3.0,2.4,2.1,1.7,1.1,0.2,-0.6,-1.5,-2.4,-3.5,-4.1,-4.6,-4.8,-5.1,-5.8,-6.3,-6.2,-6.3,-6.6,-6.9,-7.0,-6.9,-7.0,-7.0,-7.0,-6.9,
1997,7,24,1997/07/24,,25.4,27.3,27.0,26.1,22.4,17.6,11.0,5.5,1.6,0.2,-0.2,-0.5,-0.6,0.5,1.4,1.4,0.9,0.2,-0.5,-1.1,-1.3,-1.6,-1.8,-1.8,-1.6,-1.3,-0.9,-1.1,-1.5,-1.4,-1.1,-0.4,0.3,0.8,1.2,1.5,1.4,1.2,1.0,0.4,-0.6,-1.8,-3.0,-3.7,-4.2,-4.1,-4.0,-3.8,
1997,7,25,1997/07/25,,28.5,24.0,20.7,18.5,14.9,11.0,5.0,-0.4,-2.9,-4.4,-4.7,-4.3,-3.2,-2.8,-2.8,-3.8,-4.6,-4.5,-4.4,-4.5,-4.7,-4.8,-5.5,-6.3,-7.1,-7.2,-6.5,-5.9,-5.4,-5.5,-5.8,-6.4,-7.0,-7.4,-7.9,-8.5,-9.0,-9.3,-9.6,-10.0,-10.7,-10.7,-10.4,-9.9,-9.4,-9.2,-9.0,-9.1,
1997,7,26,1997/07/26,,48.5,40.4,34.6,29.6,22.2,15.3,12.8,11.7,13.0,12.8,11.2,8.8,6.2,3.5,1.2,0.8,0.5,0.2,-0.5,-1.5,-2.3,-2.9,-2.9,-3.0,-3.5,-3.9,-4.2,-4.2,-4.1,-4.3,-5.1,-6.6,-7.9,-9.0,-10.2,-11.3,-11.5,-11.5,-11.1,-10.8,-10.3,-9.9,-9.6,-9.5,-9.2,-8.9,-8.6,-8.4,
1997,7,27,1997/07/27,,17.2,23.3,22.1,19.3,13.0,7.9,6.5,5.2,4.6,4.8,5.3,3.6,1.6,0.4,-0.6,-1.2,-0.6,0.7,0.3,-0.4,0.2,1.0,2.0,2.8,3.2,3.1,2.8,1.5,0.3,-0.1,-0.2,0.1,0.7,1.4,1.4,1.3,0.9,0.3,-0.3,-0.7,-0.9,-1.1,-1.4,-2.4,-3.4,-4.4,-5.2,-5.9,
1997,7,28,1997/07/28,,39.4,42.1,36.5,29.3,23.7,18.2,12.1,7.4,3.9,1.8,1.3,2.2,3.6,3.5,3.2,2.6,1.9,1.1,0.6,0.6,0.1,-0.6,-1.3,-2.0,-2.6,-3.3,-3.8,-3.7,-3.5,-2.6,-1.6,-0.9,-0.6,-0.4,-0.4,-0.5,-1.1,-1.7,-2.3,-3.0,-3.4,-3.7,-3.9,-4.2,-4.4,-4.7,-4.6,-3.8,
1997,7,29,1997/07/29,,39.0,25.9,23.0,23.1,23.2,22.6,18.6,14.3,9.7,7.0,6.0,5.4,4.9,3.2,1.5,0.0,-0.7,-0.6,-0.7,-0.9,-1.5,-2.2,-2.9,-3.5,-3.8,-4.3,-5.0,-4.5,-4.0,-4.1,-4.7,-6.0,-7.1,-8.0,-8.9,-9.8,-10.1,-10.4,-10.7,-10.9,-11.0,-10.9,-10.7,-10.8,-10.9,-10.7,-10.0,-8.8,
1997,7,30,1997/07/30,,30.3,28.8,23.2,16.5,9.8,3.6,-0.4,-2.5,-1.8,-0.1,1.9,0.8,-0.9,-2.8,-4.1,-4.5,-4.3,-3.4,-3.4,-3.5,-3.2,-2.9,-2.5,-2.0,-1.4,-1.2,-1.2,-1.3,-1.5,-1.7,-1.9,-2.0,-1.9,-1.7,-2.2,-2.8,-4.2,-5.4,-6.4,-6.6,-6.3,-5.9,-5.5,-4.8,-4.5,-4.5,-4.5,-4.6,
1997,7,31,1997/07/31,,39.4,47.8,48.3,46.6,34.7,23.3,15.8,10.3,7.8,6.5,6.0,5.4,4.7,5.2,5.5,5.2,4.8,4.3,3.7,3.1,2.6,2.2,1.9,1.4,0.5,-0.2,-1.0,-1.6,-2.2,-2.6,-2.6,-1.9,-1.5,-1.0,-1.1,-1.2,-1.6,-1.9,-2.1,-1.9,-1.4,-0.8,-0.3,-0.3,-0.5,-1.4,-2.3,-3.2,
1997,8,1,1997/08/01,,63.4,60.3,51.3,41.0,35.9,32.1,30.9,28.2,22.9,17.3,11.6,9.0,7.4,6.7,5.8,4.2,2.3,0.1,-0.8,-1.1,-1.1,-1.3,-2.5,-3.3,-3.6,-4.0,-4.5,-4.9,-5.3,-5.9,-6.7,-7.8,-8.2,-8.3,-8.4,-8.4,-7.6,-6.9,-6.8,-6.6,-6.2,-5.9,-5.8,-6.4,-7.2,-8.4,-9.3,-10.1,
1997,8,2,1997/08/02,,24.3,14.7,9.7,6.0,7.8,9.4,8.9,7.5,4.1,1.4,-0.8,-0.5,0.1,-0.8,-1.8,-2.8,-2.9,-2.2,-2.0,-1.8,-2.0,-2.4,-3.1,-3.3,-2.8,-2.7,-2.7,-2.3,-1.9,-1.8,-1.9,-2.0,-2.6,-3.4,-3.9,-4.3,-4.6,-4.9,-5.1,-5.1,-5.0,-5.2,-5.3,-5.2,-5.1,-5.0,-5.2,-5.5,
1997,8,3,1997/08/03,,19.2,19.0,18.3,17.0,12.2,7.1,2.7,0.1,1.0,2.3,3.6,2.5,0.7,0.6,0.7,0.6,0.8,1.5,1.9,2.3,1.9,1.6,0.8,0.2,-0.4,-0.7,-0.6,-0.6,-0.8,-1.2,-1.6,-1.8,-2.3,-3.1,-3.3,-3.4,-3.8,-4.2,-4.3,-4.6,-5.2,-5.5,-5.7,-5.6,-5.4,-5.2,-5.2,-5.3,
1997,8,4,1997/08/04,,55.7,63.2,64.1,63.1,50.9,38.7,30.2,23.6,20.5,16.8,12.8,10.1,7.8,6.7,5.9,5.5,4.4,2.5,0.9,-0.5,-1.1,-1.5,-1.2,-1.3,-1.8,-2.5,-3.4,-4.1,-4.8,-5.0,-5.4,-6.2,-6.5,-6.4,-6.2,-6.0,-5.6,-5.3,-5.2,-5.1,-4.9,-4.7,-4.5,-4.5,-4.5,-4.7,-4.9,-5.3,
1997,8,5,1997/08/05,,49.3,45.3,40.1,34.3,27.5,20.7,17.2,13.9,11.9,9.6,7.0,4.6,2.3,1.0,0.0,-0.4,-0.4,0.1,-0.3,-1.1,-1.7,-2.4,-2.8,-3.2,-3.5,-4.4,-5.8,-6.6,-7.2,-7.2,-6.9,-6.0,-5.3,-5.0,-5.0,-5.1,-6.0,-7.0,-7.7,-8.1,-8.2,-8.6,-9.0,-8.6,-8.2,-8.5,-8.6,-8.5,
1997,8,6,1997/08/06,,39.7,27.1,17.7,9.4,5.7,2.6,1.4,0.9,1.8,2.7,3.7,3.6,3.2,2.2,1.3,0.4,-0.1,-0.2,-0.4,-0.6,-1.2,-1.6,-1.5,-1.2,-0.6,-0.1,0.4,-0.2,-1.1,-2.2,-3.1,-3.5,-4.1,-5.0,-5.5,-6.0,-6.0,-6.0,-6.3,-6.6,-7.0,-7.5,-7.9,-7.7,-7.5,-7.6,-7.4,-7.0,
1997,8,7,1997/08/07,,48.9,48.4,47.9,47.5,41.8,35.2,28.5,21.5,14.5,9.3,6.4,4.8,3.9,2.1,0.3,-0.7,-1.2,-0.8,-1.1,-1.8,-2.2,-2.5,-2.8,-3.2,-3.8,-4.1,-4.3,-4.3,-4.2,-4.4,-4.7,-4.9,-5.1,-5.5,-5.9,-6.3,-6.3,-6.1,-5.3,-4.9,-4.8,-4.6,-4.4,-4.7,-4.9,-4.9,-4.7,-4.5,
1997,8,8,1997/08/08,,34.4,40.8,46.4,51.6,49.9,46.4,37.3,29.1,23.0,18.7,16.6,13.7,10.3,6.6,3.1,2.2,1.3,0.5,-0.2,-0.9,-2.0,-3.2,-4.2,-4.9,-5.3,-6.0,-6.8,-7.4,-7.8,-7.7,-7.5,-7.6,-7.4,-7.1,-6.8,-6.5,-6.5,-6.5,-6.3,-6.2,-6.2,-6.7,-7.3,-7.5,-7.7,-7.8,-8.0,-8.1,
1997,8,9,1997/08/09,38.0,38.2,37.1,33.1,27.4,22.0,17.5,14.2,11.2,9.7,8.5,7.7,6.9,5.9,4.8,3.7,2.7,1.9,1.1,0.4,0.1,0.1,0.1,-0.1,-0.2,0.1,0.1,-1.2,-2.6,-3.8,-4.2,-4.8,-6.1,-7.4,-7.9,-8.3,-8.4,-8.2,-8.0,-8.0,-7.8,-7.9,-8.4,-8.9,-8.9,-9.1,-9.2,-9.1,-8.6,-15.2
1997,8,10,1997/08/10,,38.6,28.9,20.7,13.7,9.6,7.0,3.4,-0.4,-4.8,-8.8,-11.4,-12.4,-11.9,-11.7,-12.0,-13.1,-13.9,-14.0,-14.1,-14.0,-13.6,-12.8,-11.8,-10.7,-10.1,-10.1,-11.4,-12.3,-13.0,-12.4,-11.7,-11.7,-12.0,-12.8,-13.3,-13.6,-13.7,-13.6,-13.6,-13.3,-12.8,-12.2,-11.6,-11.4,-11.5,-11.2,-10.8,-10.5,
1997,8,11,1997/08/11,47.3,37.6,30.7,27.1,26.9,24.9,20.7,15.9,11.6,9.3,8.3,7.1,6.1,4.6,3.4,2.7,2.1,1.4,0.4,-0.9,-2.6,-3.7,-5.0,-5.7,-6.2,-6.1,-5.6,-5.3,-4.8,-4.7,-4.6,-4.8,-4.9,-4.7,-4.9,-4.9,-4.8,-5.0,-5.4,-5.5,-5.6,-5.8,-5.9,-5.8,-5.8,-5.6,-5.3,-5.1,-4.9,-9.4
1997,8,12,1997/08/12,,37.2,42.2,44.9,42.2,37.3,30.9,24.7,18.7,14.4,10.6,8.5,7.0,5.9,4.2,2.2,1.0,0.1,-0.7,-1.3,-1.7,-2.7,-4.1,-5.0,-5.6,-6.0,-6.1,-6.2,-6.6,-7.0,-7.7,-8.4,-8.9,-9.3,-9.6,-9.7,-9.4,-9.4,-9.3,-9.0,-8.9,-9.5,-10.0,-10.4,-10.9,-11.5,-11.8,-11.8,-11.4,
1997,8,13,1997/08/13,17.4,13.2,16.6,17.1,14.8,9.6,4.3,0.8,-2.2,-4.8,-8.0,-11.5,-13.9,-15.1,-14.2,-12.7,-11.4,-10.4,-10.7,-11.5,-12.8,-12.5,-11.3,-9.7,-9.0,-9.8,-10.5,-11.1,-10.8,-10.0,-9.6,-9.6,-10.2,-10.7,-11.2,-11.6,-11.5,-10.7,-10.1,-9.7,-9.2,-8.8,-8.7,-8.6,-9.0,-10.1,-11.3,-12.1,-11.9,-14.8
1997,8,14,1997/08/14,,21.3,21.5,19.2,15.9,11.8,7.7,5.5,3.8,2.4,1.7,1.4,1.3,0.9,0.8,0.7,0.2,-0.5,-1.5,-3.3,-5.1,-5.0,-4.6,-4.1,-4.3,-5.1,-5.7,-6.5,-6.6,-6.2,-5.8,-5.7,-6.0,-6.8,-7.7,-7.6,-7.5,-7.8,-7.9,-8.0,-8.0,-7.9,-8.0,-8.0,-8.2,-8.5,-8.7,-8.8,-9.0,-11.8
1997,8,15,1997/08/15,47.2,39.4,32.0,24.0,15.9,10.8,9.3,8.0,5.8,3.5,3.3,2.5,-0.5,-5.2,-8.4,-10.1,-11.0,-10.1,-8.6,-7.2,-7.3,-8.3,-9.7,-11.0,-11.7,-12.2,-12.5,-11.9,-11.9,-12.6,-13.3,-13.6,-13.5,-13.5,-13.3,-13.2,-13.3,-13.6,-13.6,-13.9,-14.3,-14.3,-14.1,-14.0,-13.9,-13.7,-13.5,-13.0,-12.5,-11.7
1997,8,16,1997/08/16,7.0,12.5,17.2,21.6,20.8,18.7,13.1,7.3,1.3,-2.7,-5.8,-7.5,-8.8,-10.0,-10.8,-11.1,-10.8,-9.4,-9.0,-8.9,-9.8,-10.5,-10.0,-10.1,-11.2,-11.8,-12.3,-12.5,-12.6,-11.7,-11.1,-11.0,-11.0,-11.4,-11.4,-11.1,-10.3,-9.7,-9.5,-10.3,-11.7,-12.9,-13.9,-14.5,-15.0,-15.5,-15.4,-15.2,-15.1,-15.9
1997,8,17,1997/08/17,,31.4,30.4,26.7,21.8,15.0,8.1,3.6,-0.3,-1.7,-1.8,-0.5,0.0,0.3,-0.6,-2.3,-4.2,-5.6,-6.3,-6.1,-5.0,-4.2,-3.7,-3.8,-4.0,-4.4,-4.5,-4.2,-4.2,-4.3,-4.7,-5.4,-6.6,-7.7,-8.4,-8.7,-8.7,-9.1,-9.5,-9.8,-9.8,-9.7,-9.7,-9.6,-9.6,-9.7,-9.8,-9.7,-9.6,
1997,8,18,1997/08/18,20.8,19.8,8.4,0.0,-2.1,-2.3,-1.3,-0.1,0.7,1.2,1.3,0.6,-0.5,-2.9,-4.7,-5.2,-6.1,-7.1,-7.3,-7.1,-7.4,-7.7,-7.5,-7.3,-7.2,-7.5,-8.1,-8.9,-9.7,-10.7,-11.5,-11.7,-11.9,-11.9,-11.6,-11.3,-11.2,-11.1,-10.9,-10.2,-9.6,-9.2,-9.2,-9.6,-9.9,-10.2,-10.6,-10.9,-10.7,-14.9
1997,8,19,1997/08/19,30.6,22.9,21.1,21.2,20.9,19.4,14.6,9.5,6.1,3.0,-0.1,-3.1,-5.8,-7.3,-8.4,-8.4,-8.0,-7.9,-8.3,-9.0,-10.2,-11.5,-11.9,-12.4,-13.0,-14.2,-15.6,-15.7,-15.5,-14.6,-13.3,-12.4,-12.0,-11.6,-11.2,-11.2,-11.9,-13.1,-14.4,-14.9,-15.2,-15.3,-15.3,-14.7,-14.2,-14.2,-14.2,-14.1,-13.7,-14.6
1997,8,20,1997/08/20,,43.3,53.9,56.3,54.5,45.6,34.4,25.8,17.9,11.9,7.5,4.8,3.2,2.4,1.7,0.8,-0.3,-1.3,-2.1,-2.4,-2.1,-1.5,-0.7,-0.7,-1.1,-1.9,-2.0,-1.2,-1.1,-1.2,-1.7,-2.2,-2.5,-3.2,-3.9,-4.6,-5.6,-6.3,-6.9,-7.7,-8.1,-7.7,-7.4,-7.0,-6.5,-6.2,-6.2,-6.2,-6.5,
1997,8,21,1997/08/21,,17.4,13.1,8.6,5.6,3.6,2.5,1.2,-0.5,-1.2,-1.5,-1.3,-1.2,-1.7,-2.8,-4.0,-4.2,-3.9,-3.8,-4.0,-4.7,-5.1,-5.3,-5.4,-5.5,-6.3,-7.4,-9.2,-10.6,-11.2,-11.1,-10.8,-10.4,-9.8,-9.0,-8.7,-8.9,-8.8,-8.8,-8.8,-9.0,-9.4,-9.9,-10.4,-10.4,-10.2,-10.0,-9.7,-9.1,-11.8
1997,8,22,1997/08/22,35.5,25.3,14.1,3.4,-2.0,-4.0,-3.1,-0.3,0.8,0.2,-0.7,-2.8,-5.0,-6.9,-8.3,-9.4,-10.3,-11.0,-11.5,-11.9,-12.7,-13.4,-14.1,-14.4,-14.4,-14.6,-14.8,-14.9,-14.7,-13.9,-13.1,-12.5,-12.6,-13.2,-14.3,-14.7,-14.9,-15.3,-15.5,-15.8,-15.9,-15.8,-15.5,-15.5,-15.3,-14.8,-14.9,-14.9,-14.5,-15.0
1997,8,23,1997/08/23,51.6,42.6,40.6,39.1,34.6,28.6,21.2,14.8,10.5,6.9,2.9,0.2,-1.7,-3.2,-4.7,-5.5,-5.8,-5.9,-5.8,-5.5,-5.2,-5.1,-4.9,-5.0,-5.1,-5.4,-5.9,-6.4,-7.3,-8.2,-8.7,-8.7,-8.9,-9.2,-9.8,-10.6,-11.3,-11.9,-12.3,-12.7,-12.9,-12.3,-11.7,-11.3,-11.2,-11.5,-11.5,-11.4,-11.8,-14.6
1997,8,24,1997/08/24,,18.5,22.3,21.3,17.6,12.3,7.8,4.9,2.8,1.4,-0.2,-1.2,-0.8,-0.3,0.1,0.5,0.3,-0.2,-1.1,-1.5,-1.2,-1.3,-1.4,-1.4,-1.2,-1.0,-0.9,-1.5,-2.1,-2.4,-2.1,-2.1,-2.5,-2.7,-2.7,-2.8,-3.0,-3.5,-3.8,-3.8,-3.9,-3.9,-4.5,-5.2,-5.1,-5.0,-5.5,-5.8,-5.6,
1997,8,25,1997/08/25,54.7,43.0,37.1,31.7,27.3,22.3,17.5,13.5,10.8,9.1,7.7,6.1,4.7,3.0,1.4,-0.3,-2.2,-4.3,-6.4,-7.8,-8.5,-8.7,-8.2,-7.9,-7.8,-7.6,-7.4,-7.9,-9.2,-10.4,-11.2,-11.4,-11.1,-10.6,-10.3,-10.4,-10.4,-10.3,-10.0,-9.7,-9.6,-9.4,-9.1,-9.1,-8.8,-8.3,-8.0,-7.9,-7.7,-6.5
1997,8,26,1997/08/26,,31.0,23.2,16.9,13.4,12.1,12.7,10.8,8.2,5.9,3.9,1.9,-0.2,-2.6,-4.3,-5.8,-6.1,-6.1,-6.0,-6.1,-6.5,-7.0,-7.6,-8.7,-9.8,-10.3,-10.6,-10.7,-11.1,-11.7,-11.8,-12.0,-11.9,-11.8,-11.6,-11.7,-12.1,-12.3,-12.5,-12.7,-12.8,-12.7,-12.6,-12.6,-12.7,-12.9,-13.2,-13.3,-13.2,
1997,8,27,1997/08/27,,11.0,18.6,23.8,27.9,24.1,19.5,15.1,10.9,7.5,4.4,1.5,0.2,-0.5,-1.0,-1.4,-1.9,-2.3,-2.7,-3.3,-3.9,-4.1,-4.1,-3.3,-3.0,-3.9,-4.2,-4.4,-4.7,-4.9,-4.7,-4.6,-4.8,-4.6,-4.3,-4.3,-4.3,-4.6,-5.0,-5.3,-5.7,-6.1,-6.5,-6.8,-7.0,-7.1,-7.1,-6.8,-6.0,
1997,8,28,1997/08/28,,59.0,63.7,63.6,58.0,47.1,34.7,24.3,16.3,12.4,9.8,8.1,6.2,4.3,3.1,2.3,1.9,1.0,-0.1,-1.4,-2.5,-3.2,-3.6,-3.3,-3.0,-3.2,-3.9,-4.4,-4.5,-4.8,-4.8,-4.5,-4.3,-4.3,-4.8,-5.0,-5.1,-5.3,-5.3,-4.9,-5.0,-5.2,-5.2,-5.2,-5.5,-5.7,-5.6,-5.4,-5.1,-3.7
1997,8,29,1997/08/29,,45.9,38.5,33.1,28.2,24.8,21.3,17.5,14.5,12.8,11.5,10.6,10.0,9.5,7.6,5.8,3.9,2.4,1.2,0.3,-0.5,-1.1,-1.5,-2.0,-2.2,-2.1,-2.0,-1.9,-2.2,-2.6,-3.3,-3.8,-4.1,-4.3,-4.4,-4.6,-4.8,-5.3,-5.7,-5.7,-5.8,-5.9,-5.7,-5.6,-5.7,-5.8,-5.8,-5.8,-5.7,
1997,8,30,1997/08/30,,36.2,29.6,27.5,27.7,30.5,33.2,33.4,32.3,27.7,23.0,18.1,13.2,8.3,5.6,3.7,2.6,1.4,-0.4,-1.4,-1.7,-1.8,-2.2,-3.3,-4.1,-4.2,-4.6,-5.2,-5.5,-5.9,-6.1,-6.5,-6.9,-7.0,-6.9,-6.7,-6.3,-6.2,-6.2,-5.6,-5.1,-4.9,-4.7,-4.4,-4.2,-4.0,-3.5,-3.3,-3.6,
1997,8,31,1997/08/31,,32.0,37.9,41.1,43.4,37.5,30.9,22.1,15.1,10.6,7.3,4.9,3.5,2.4,0.9,-0.6,-1.7,-2.0,-1.6,-1.6,-1.8,-2.6,-3.3,-3.1,-3.0,-2.9,-2.7,-2.5,-2.6,-2.6,-2.4,-2.4,-2.4,-2.5,-2.7,-2.9,-3.2,-3.3,-3.7,-4.5,-5.0,-5.2,-5.5,-5.7,-5.7,-5.7,-5.7,-5.5,-5.2,
1997,9,1,1997/09/01,,46.9,51.8,53.4,53.0,45.4,36.5,24.9,14.4,7.8,4.3,4.1,4.8,5.8,5.5,4.7,3.7,3.0,2.8,2.8,2.8,2.0,1.1,1.2,1.5,1.7,1.6,1.1,0.7,0.0,-1.2,-2.2,-2.5,-2.9,-3.1,-3.9,-4.7,-5.1,-5.3,-5.2,-5.1,-5.0,-4.9,-4.9,-4.8,-4.8,-5.0,-4.9,-4.1,
1997,9,2,1997/09/02,,69.3,60.6,52.8,45.8,41.5,39.2,39.0,38.1,34.7,30.3,24.5,18.4,12.8,8.6,4.9,2.7,1.1,-0.3,-1.4,-2.0,-2.8,-3.5,-4.1,-4.9,-5.7,-6.5,-7.2,-7.4,-7.7,-7.7,-7.8,-7.8,-7.8,-8.0,-8.4,-8.2,-7.7,-7.2,-6.9,-6.6,-6.5,-6.5,-6.4,-6.5,-6.8,-7.1,-7.0,-6.2,
1997,9,3,1997/09/03,,41.5,40.5,39.6,38.3,35.4,32.3,28.3,24.2,19.8,16.2,12.9,10.5,8.2,5.9,3.9,2.3,1.1,0.4,0.3,0.3,0.1,-0.2,-1.1,-1.8,-2.2,-2.4,-2.5,-2.3,-2.1,-1.5,-1.0,-0.9,-1.2,-1.6,-1.7,-1.9,-2.2,-2.5,-3.1,-3.6,-4.1,-4.2,-4.2,-3.9,-3.6,-3.5,-3.4,-3.4,
1997,9,4,1997/09/04,,60.3,62.2,62.2,61.6,55.2,48.1,39.5,30.8,22.1,17.1,14.2,13.0,12.2,11.3,10.4,9.1,7.6,5.8,4.7,3.7,3.0,2.4,2.5,2.7,2.7,2.5,2.2,2.4,2.5,1.8,1.0,0.2,-0.2,-0.4,-0.4,-0.6,-1.1,-1.4,-1.3,-1.6,-2.1,-2.3,-2.5,-3.2,-4.0,-4.5,-4.3,-3.4,
1997,9,5,1997/09/05,,70.8,65.2,58.6,51.5,44.5,37.9,33.8,29.3,24.8,20.8,16.9,13.9,11.4,8.9,6.7,5.1,3.5,2.2,0.9,-0.7,-1.6,-2.1,-2.3,-2.5,-2.9,-3.4,-4.0,-4.6,-5.3,-5.9,-6.4,-6.7,-6.7,-6.6,-6.6,-6.5,-6.2,-6.0,-5.8,-5.5,-5.2,-5.4,-5.9,-6.5,-6.9,-6.9,-6.5,-5.7,
1997,9,6,1997/09/06,,44.6,44.6,41.9,38.6,35.4,32.2,28.8,25.5,22.2,19.4,16.8,14.2,11.6,8.9,6.1,3.3,0.7,-1.4,-2.1,-2.2,-2.8,-3.3,-4.1,-4.7,-5.1,-5.5,-6.0,-5.6,-5.1,-4.7,-4.3,-3.9,-3.9,-4.2,-5.0,-5.9,-6.6,-7.1,-6.6,-5.9,-4.9,-4.8,-5.0,-5.5,-6.0,-6.2,-6.1,-5.7,
1997,9,7,1997/09/07,,53.6,49.4,45.3,41.4,37.8,33.7,28.7,22.6,15.2,12.0,11.1,11.2,11.2,10.2,9.1,7.6,6.6,6.1,5.9,5.9,5.4,4.9,4.2,3.6,3.0,2.8,2.6,2.8,2.9,2.7,2.3,1.4,0.8,0.4,0.0,-0.3,-0.3,-0.5,-0.8,-1.2,-1.8,-2.1,-2.3,-2.1,-1.9,-1.8,-1.4,-0.9,
1997,9,8,1997/09/08,,71.1,75.8,77.0,76.6,66.3,55.1,42.8,32.7,26.0,20.1,14.7,10.9,7.6,4.9,2.5,0.8,-0.6,-1.7,-2.6,-3.7,-5.0,-6.2,-6.6,-6.6,-6.1,-5.9,-5.8,-6.3,-6.8,-6.6,-6.4,-6.0,-5.9,-6.2,-6.3,-6.3,-6.8,-7.1,-7.4,-7.5,-7.4,-7.0,-6.7,-6.6,-6.6,-6.9,-6.9,-6.5,
1997,9,9,1997/09/09,,56.7,50.4,44.2,38.0,31.9,26.7,24.4,22.6,21.5,22.3,24.3,20.8,16.1,9.5,4.3,2.3,1.2,1.1,1.3,1.6,0.9,0.4,-0.2,-0.7,-0.9,-1.4,-2.1,-2.7,-3.3,-3.8,-4.3,-4.6,-5.0,-5.3,-5.1,-4.7,-4.7,-4.8,-5.1,-5.2,-5.3,-5.0,-4.6,-4.6,-4.6,-5.2,-5.4,-5.1,
1997,9,10,1997/09/10,,51.4,47.0,42.8,38.6,34.6,31.3,29.6,26.5,21.4,18.6,17.2,16.4,15.4,11.2,7.5,5.1,3.4,2.2,2.1,2.2,1.0,-0.1,-0.3,-0.4,-0.5,-0.2,0.2,-0.1,-0.4,-0.5,-0.9,-1.7,-2.0,-2.1,-2.3,-2.3,-2.1,-1.8,-1.2,-1.2,-1.7,-2.0,-2.1,-2.3,-2.4,-2.3,-2.1,-1.9,
1997,9,11,1997/09/11,,47.1,52.8,53.8,53.6,46.9,39.3,29.0,19.2,10.5,6.2,4.8,5.3,5.7,2.4,-0.5,-2.6,-3.9,-4.3,-4.0,-3.7,-4.7,-5.9,-7.5,-8.6,-9.0,-9.0,-9.1,-8.2,-7.3,-6.2,-5.4,-5.1,-4.9,-4.8,-5.5,-6.3,-6.8,-7.3,-7.8,-8.3,-8.8,-9.2,-9.7,-9.5,-9.1,-8.6,-8.0,-7.4,
1997,9,12,1997/09/12,,42.8,41.3,37.6,33.8,30.2,26.3,21.3,17.2,14.5,13.3,12.8,9.6,6.0,2.2,-0.4,-0.5,-0.2,0.1,0.2,0.1,-0.4,-0.9,-2.2,-2.8,-2.5,-2.0,-1.6,-2.3,-3.2,-3.7,-4.3,-5.3,-6.1,-6.8,-7.7,-8.4,-8.3,-8.1,-7.7,-7.2,-6.7,-6.1,-5.6,-5.4,-5.4,-5.7,-5.8,-5.7,
1997,9,13,1997/09/13,,62.4,61.6,54.2,45.7,37.8,31.3,28.7,26.1,23.7,20.9,18.2,14.8,11.3,9.7,8.0,6.2,4.6,2.9,1.9,0.9,0.5,-0.1,-1.1,-1.8,-2.5,-3.0,-3.5,-4.5,-5.5,-6.6,-7.4,-7.6,-7.5,-7.2,-6.4,-5.6,-5.9,-5.8,-5.3,-5.2,-5.2,-4.9,-4.6,-5.2,-5.8,-6.4,-6.7,-6.8,
1997,9,14,1997/09/14,,44.0,44.2,45.0,46.4,45.2,41.9,33.4,23.9,13.0,8.1,6.2,8.6,11.1,8.4,4.8,0.2,-3.6,-6.7,-6.5,-5.4,-3.5,-2.7,-4.3,-6.4,-8.6,-9.7,-10.5,-9.1,-7.5,-5.3,-3.6,-2.7,-1.2,0.4,0.9,1.3,1.4,0.8,-0.8,-2.0,-3.1,-3.7,-4.2,-4.5,-4.7,-4.5,-4.1,-3.6,
1997,9,15,1997/09/15,,44.5,40.7,37.0,33.8,31.0,28.2,24.9,21.6,17.7,13.0,7.6,3.6,0.7,1.3,2.0,2.2,2.3,2.3,0.7,-1.5,-2.2,-2.5,-2.4,-2.4,-2.6,-3.6,-4.9,-5.3,-5.5,-5.6,-5.8,-6.4,-7.1,-7.9,-8.6,-9.3,-9.2,-9.2,-9.2,-9.4,-9.8,-10.2,-10.5,-10.1,-9.5,-8.7,-8.1,-7.9,
1997,9,16,1997/09/16,,57.7,55.7,46.2,36.2,29.1,23.4,22.6,21.6,19.8,16.0,11.3,6.6,2.4,1.5,1.3,1.6,-0.1,-4.0,-6.6,-8.3,-6.5,-4.6,-3.2,-3.3,-5.3,-7.2,-9.0,-8.7,-8.1,-8.4,-9.2,-10.6,-11.3,-11.8,-12.4,-12.8,-12.7,-12.4,-11.9,-11.0,-9.6,-8.8,-8.1,-8.7,-9.2,-9.5,-9.4,-9.0,
1997,9,17,1997/09/17,,39.5,39.5,38.4,36.6,33.1,28.8,23.2,18.9,16.3,12.7,9.2,8.0,6.7,4.7,2.5,0.3,-1.5,-2.8,-2.3,-1.6,-1.2,-1.0,-1.4,-1.9,-2.1,-2.1,-2.0,-1.8,-1.6,-1.5,-1.5,-1.6,-1.5,-1.2,-1.2,-1.5,-1.6,-1.7,-2.0,-1.7,-1.4,-1.2,-1.1,-1.7,-2.1,-2.5,-2.7,-3.2,
1997,9,18,1997/09/18,,41.3,39.3,38.8,38.9,37.4,34.9,29.3,23.3,17.0,11.3,6.2,5.1,4.4,3.2,1.3,-1.5,-3.1,-3.4,-2.1,-0.4,-0.6,-1.4,-3.1,-4.3,-4.9,-4.5,-3.8,-3.5,-3.1,-2.4,-1.8,-1.5,-2.0,-2.7,-3.0,-3.3,-3.3,-3.3,-3.8,-4.7,-5.5,-6.2,-6.8,-6.5,-6.1,-5.7,-5.5,-5.4,
1997,9,19,1997/09/19,,47.3,48.9,45.6,40.5,32.6,26.2,24.1,22.3,20.7,16.6,11.1,8.0,5.9,5.0,4.1,2.8,1.1,-0.6,-1.7,-2.5,-2.5,-2.8,-4.2,-5.7,-7.4,-8.1,-8.3,-8.4,-8.5,-8.6,-8.6,-8.6,-8.7,-9.0,-9.5,-10.2,-11.0,-11.6,-11.8,-11.3,-10.6,-10.5,-10.7,-10.5,-10.4,-10.3,-10.2,-10.2,
1997,9,20,1997/09/20,,39.8,37.7,29.9,21.4,17.6,15.3,15.8,14.7,12.1,10.1,8.3,5.4,2.7,1.7,0.8,0.2,-0.1,-0.2,-0.7,-1.4,-1.7,-1.7,-0.9,-0.1,0.5,1.4,2.2,2.5,2.6,2.0,1.1,0.2,-0.3,-0.5,-0.5,-0.6,-1.0,-1.2,-1.2,-1.0,-0.6,-1.0,-1.5,-2.4,-3.2,-3.4,-3.4,-3.6,
1997,9,21,1997/09/21,,34.9,31.3,31.1,31.4,30.0,27.3,21.6,15.3,8.7,5.4,3.8,3.8,3.6,0.6,-1.8,-3.4,-3.2,-1.6,-2.2,-3.3,-5.1,-6.5,-6.5,-6.2,-5.7,-5.2,-4.9,-3.8,-3.1,-3.8,-4.5,-5.5,-5.7,-5.7,-4.9,-4.1,-3.4,-3.2,-3.8,-4.6,-5.4,-5.6,-5.4,-4.8,-4.4,-4.2,-4.1,-4.5,
1997,9,22,1997/09/22,,55.7,54.0,50.1,44.7,36.0,27.6,21.6,16.8,13.5,11.2,9.1,7.1,5.2,4.2,3.1,1.5,0.5,-0.3,-0.8,-1.0,-1.4,-1.8,-2.2,-2.8,-3.7,-4.6,-5.3,-6.0,-6.5,-6.4,-6.4,-6.8,-6.8,-6.7,-7.2,-7.6,-7.5,-7.8,-8.5,-9.0,-9.3,-9.4,-9.4,-9.5,-9.5,-9.5,-9.8,-10.3,
1997,9,23,1997/09/23,,42.8,42.0,33.6,24.2,17.6,13.2,14.7,15.9,16.6,14.6,11.4,7.7,4.5,4.7,4.8,4.6,2.8,0.1,-0.7,-0.8,0.2,1.1,1.6,1.9,1.8,2.0,2.2,1.8,1.5,1.7,1.6,0.9,0.2,-0.3,-0.5,-0.6,-0.2,0.3,1.0,1.2,1.2,1.0,0.8,0.1,-0.6,-1.0,-1.6,-2.3,
1997,9,24,1997/09/24,,47.3,43.5,39.9,36.2,29.6,23.2,16.8,11.8,8.3,7.1,7.1,6.0,4.8,3.7,2.7,2.2,1.8,1.6,1.3,0.9,0.0,-0.6,-0.8,-1.1,-1.4,-1.4,-1.4,-1.4,-1.4,-1.4,-1.3,-1.1,-1.4,-2.0,-2.0,-2.0,-2.3,-2.5,-2.5,-2.5,-2.4,-1.7,-1.1,-0.7,-0.7,-1.2,-1.5,-1.6,
1997,9,25,1997/09/25,,45.2,44.2,43.6,42.7,38.9,33.6,25.5,18.4,12.6,10.6,9.9,8.6,6.7,3.4,1.3,0.9,1.1,1.7,1.6,1.3,0.9,0.5,0.3,0.4,0.6,0.5,0.1,-0.5,-1.0,-0.9,-0.8,-0.8,-1.0,-1.3,-1.3,-1.2,-1.6,-2.1,-2.4,-2.5,-2.5,-2.3,-2.2,-2.2,-2.4,-3.0,-3.3,-3.6,
1997,9,26,1997/09/26,,51.2,49.3,40.8,31.9,24.3,18.1,15.7,15.1,16.1,15.7,14.4,10.7,7.4,7.5,7.4,6.8,5.8,4.6,4.1,3.6,3.3,3.2,3.2,3.6,4.0,3.4,2.4,1.9,1.6,1.4,1.4,1.3,1.5,1.7,1.3,1.0,1.2,1.2,1.1,1.1,1.3,1.3,1.4,2.0,2.5,2.8,2.4,1.5,
1997,9,27,1997/09/27,,30.9,20.0,15.4,11.2,8.9,7.5,8.3,9.2,10.1,8.8,6.7,4.2,2.1,2.3,2.5,2.4,1.6,0.5,0.0,-0.3,0.2,0.4,-0.2,-0.9,-1.6,-0.7,0.6,0.6,0.3,-0.4,-1.3,-2.2,-2.8,-3.2,-3.4,-3.5,-3.3,-3.4,-3.7,-3.4,-2.7,-2.1,-1.8,-2.2,-2.6,-2.9,-2.6,-2.1,
1997,9,28,1997/09/28,,44.2,41.9,37.8,33.8,30.7,26.0,17.7,10.8,5.3,3.6,3.2,3.7,3.9,3.0,2.2,1.3,0.5,-0.3,-0.7,-1.0,-0.6,-0.5,-1.1,-1.6,-1.9,-1.9,-1.8,-1.6,-1.6,-1.8,-1.6,-1.0,-0.6,-0.4,0.0,0.3,0.4,0.3,0.3,0.1,-0.1,-0.7,-1.3,-2.0,-2.3,-2.2,-1.8,-1.2,
1997,9,29,1997/09/29,,59.8,63.0,56.8,49.5,43.1,37.5,33.3,28.4,22.9,18.9,15.5,13.2,11.4,10.4,9.4,8.3,7.7,7.3,7.1,7.0,6.4,5.9,5.6,5.1,4.4,3.7,3.0,1.7,0.6,0.6,1.1,2.2,3.4,4.6,4.4,4.0,3.5,3.1,2.7,2.3,1.9,1.5,1.3,1.6,2.1,2.7,2.8,2.5,
1997,9,30,1997/09/30,,48.1,38.1,32.0,26.4,21.4,16.4,11.4,8.9,8.6,8.6,8.8,7.9,6.8,6.0,5.1,4.2,3.6,3.4,3.4,3.5,2.8,2.2,2.0,1.9,1.6,1.9,2.4,2.4,2.3,1.8,1.4,1.0,0.2,-0.7,-1.0,-1.4,-2.5,-3.1,-3.2,-3.1,-2.9,-2.4,-2.0,-1.8,-1.5,-1.0,-1.1,-1.3,
1997,10,1,1997/10/01,,36.9,31.8,27.7,23.0,18.2,13.8,9.6,7.0,6.3,6.1,6.2,5.9,5.3,4.5,3.4,1.7,0.3,-1.1,-1.6,-1.8,-1.5,-1.2,-1.3,-1.2,-1.1,-1.0,-0.8,-0.3,0.2,0.2,0.1,-0.5,-0.8,-1.0,0.0,0.9,1.5,2.0,2.4,2.1,1.6,1.3,1.1,0.5,0.2,0.2,0.0,0.5,
1997,10,2,1997/10/02,,51.6,53.1,49.6,45.4,41.2,36.9,32.7,27.8,21.7,17.2,13.2,11.3,9.9,8.9,8.3,8.3,8.3,8.4,7.8,6.9,6.4,5.7,5.0,4.2,3.2,2.6,2.2,2.2,2.4,2.8,3.1,3.4,3.6,3.9,4.2,4.6,4.9,4.9,4.8,4.7,4.4,4.3,4.1,3.8,3.5,3.3,2.9,2.7,
1997,10,3,1997/10/03,,62.6,55.7,49.0,42.1,34.7,27.5,20.6,16.5,14.8,14.1,13.9,11.4,8.9,6.6,4.7,3.7,3.5,4.1,5.1,6.1,5.9,5.6,4.7,4.5,4.8,4.9,4.8,4.7,4.6,4.3,4.0,3.5,2.9,2.3,1.7,0.9,-0.6,-1.8,-2.8,-3.2,-3.4,-3.2,-2.8,-1.9,-0.9,0.0,0.4,1.2,
1997,10,4,1997/10/04,,55.8,48.3,43.2,38.8,34.7,30.2,25.1,21.2,18.7,17.9,18.1,18.0,18.0,17.1,15.7,13.9,12.2,10.6,10.3,10.2,10.5,10.5,10.1,9.8,9.4,9.7,10.4,10.3,10.3,10.1,10.0,10.3,10.6,10.7,10.2,9.8,9.7,9.3,8.6,8.3,8.3,8.7,9.1,9.5,9.9,10.0,10.0,10.6,
1997,10,5,1997/10/05,,51.2,52.9,48.9,44.5,37.8,32.2,30.3,27.0,22.3,18.9,15.7,14.4,13.6,13.4,12.7,11.6,10.0,7.9,7.0,6.4,6.8,6.9,6.5,5.5,4.0,3.5,3.3,3.9,4.2,3.6,3.7,4.2,4.8,5.6,6.0,6.6,7.0,7.2,7.2,7.0,6.5,5.9,5.2,4.7,4.3,4.1,4.0,4.8,
1997,10,6,1997/10/06,,46.8,43.7,38.2,32.8,28.6,24.2,18.6,14.0,10.6,8.7,7.2,5.3,3.4,2.1,1.4,1.5,1.9,2.5,2.4,2.2,1.6,1.2,1.6,2.2,3.1,3.1,3.0,2.6,2.3,2.1,2.0,1.9,1.8,1.7,1.5,1.4,1.4,1.5,1.7,1.9,2.0,2.0,1.9,1.9,1.8,1.7,1.6,1.4,
1997,10,7,1997/10/07,,55.3,48.2,41.1,34.3,32.0,29.7,26.6,22.6,17.7,17.3,19.0,19.2,18.8,16.7,15.2,14.8,14.3,13.8,13.3,12.8,12.2,11.6,11.0,11.1,11.8,12.0,12.2,11.6,10.9,10.2,9.5,8.8,8.1,7.3,6.7,6.1,5.3,4.8,4.8,4.8,4.9,5.4,6.0,6.3,6.7,7.1,6.9,6.5,
1997,10,8,1997/10/08,,59.6,55.6,53.0,50.7,47.4,43.1,36.2,30.2,25.6,23.0,21.2,18.6,16.0,15.4,14.7,14.0,12.3,9.9,8.6,7.5,7.8,8.1,8.7,8.6,7.9,7.2,6.5,6.2,6.0,6.4,7.0,7.6,8.2,8.7,8.5,8.5,9.1,9.4,9.5,9.3,9.0,9.0,9.1,9.4,9.7,9.9,9.5,8.9,
1997,10,9,1997/10/09,,53.0,50.4,46.1,41.7,37.3,33.1,29.2,25.7,22.3,19.3,16.5,14.7,13.0,12.2,11.1,9.7,8.6,7.7,7.6,7.5,6.9,6.3,5.9,5.3,4.5,4.1,3.7,3.5,3.3,3.1,3.1,3.3,3.6,3.9,4.2,4.4,4.6,4.7,4.6,4.8,5.2,5.3,5.2,4.4,3.8,3.3,3.0,2.8,
1997,10,10,1997/10/10,,60.0,53.1,46.2,39.3,32.1,26.3,23.7,21.2,18.8,15.4,11.5,9.4,7.5,6.9,6.9,7.7,9.2,11.3,11.7,11.6,11.0,10.4,9.8,9.5,9.2,9.2,9.4,9.9,10.2,10.2,10.0,9.5,8.9,8.2,7.8,7.5,7.4,7.5,7.7,7.5,7.3,7.0,6.8,6.5,6.4,6.5,6.1,5.4,
1997,10,11,1997/10/11,,35.6,31.8,31.9,32.1,30.2,27.6,23.1,19.2,16.1,14.9,14.4,12.6,11.1,11.1,11.0,11.0,10.0,8.4,6.7,5.2,4.8,4.5,4.5,4.7,5.0,4.9,4.6,4.4,4.0,3.3,2.7,2.0,2.1,2.4,3.4,4.3,4.9,4.8,3.7,3.2,2.9,3.3,3.9,4.9,5.7,6.2,5.9,5.1,
1997,10,12,1997/10/12,,37.9,38.8,40.1,40.8,37.8,33.7,26.9,22.2,19.4,16.7,14.4,13.8,13.1,13.1,12.0,9.5,8.0,7.0,7.5,8.2,8.4,8.5,7.8,7.7,8.1,7.6,6.8,5.9,5.4,5.4,5.7,6.0,6.1,6.2,6.5,7.0,7.3,7.3,7.2,6.7,6.1,6.1,6.0,6.2,6.3,6.3,6.0,5.4,
1997,10,13,1997/10/13,,61.4,59.9,53.6,47.1,41.7,36.3,30.7,26.3,22.9,20.6,18.9,16.5,13.8,11.3,9.2,7.9,7.0,6.3,6.8,7.7,8.7,8.8,6.8,5.5,4.7,4.7,5.0,4.2,3.6,3.7,4.2,5.0,5.6,6.0,5.5,5.0,4.5,4.3,4.5,4.6,4.9,5.4,5.9,5.7,5.6,5.4,5.1,4.6,
1997,10,14,1997/10/14,,36.3,34.7,32.0,29.0,25.7,22.8,21.2,19.8,18.7,17.8,17.1,17.3,17.2,16.3,15.4,14.3,14.1,14.6,15.0,15.2,14.0,13.1,12.6,12.5,12.7,12.4,12.1,11.9,11.6,11.1,10.6,9.8,8.6,7.4,6.9,6.5,6.6,6.7,6.8,7.1,7.6,7.9,8.0,7.7,7.3,7.1,7.3,8.3,
1997,10,15,1997/10/15,,31.8,28.8,28.3,28.4,28.3,27.5,25.4,22.8,19.8,17.7,16.0,14.3,12.7,10.9,9.8,10.0,9.5,8.3,5.8,3.2,2.4,2.1,2.9,3.4,3.9,4.1,4.0,3.7,3.4,3.3,3.2,3.1,3.1,3.1,3.9,4.7,5.2,5.3,5.0,5.0,5.2,5.1,5.2,6.0,6.4,6.6,6.3,6.8,
1997,10,16,1997/10/16,,51.9,50.4,45.4,40.5,37.4,34.0,30.6,27.3,24.0,20.6,17.4,13.8,10.6,9.2,8.9,10.5,10.4,9.4,8.1,6.9,6.9,6.8,6.2,5.5,4.7,4.4,4.2,4.3,4.4,4.1,3.9,3.9,4.1,4.5,4.7,4.9,5.1,5.2,5.0,4.6,4.3,4.1,3.9,3.9,4.0,4.3,4.3,4.7,
1997,10,17,1997/10/17,,40.5,36.3,32.2,28.7,25.2,21.5,17.9,14.7,11.4,9.7,8.9,8.6,8.5,8.6,8.7,8.7,8.6,8.4,9.6,10.9,12.3,13.4,13.4,12.9,12.0,11.0,10.0,10.0,10.1,10.5,10.6,10.6,10.1,9.3,8.6,7.9,7.1,6.8,7.0,7.1,7.1,6.7,6.4,6.1,5.8,5.5,5.8,6.8,
1997,10,18,1997/10/18,,34.7,30.7,30.6,31.0,30.6,29.9,28.3,27.0,26.1,23.9,21.3,19.9,18.5,16.9,15.3,13.8,12.8,11.9,11.2,10.6,9.4,8.4,7.3,6.9,7.2,6.6,5.8,5.2,4.8,4.3,4.1,4.3,4.6,4.8,5.1,5.4,5.8,6.0,6.1,5.9,5.6,5.5,5.7,6.5,6.7,6.1,5.3,5.9,
1997,10,19,1997/10/19,,50.1,45.5,40.9,36.0,32.5,29.0,25.0,21.9,19.8,16.7,13.1,10.3,7.7,6.6,5.8,5.5,5.1,4.6,4.7,5.0,4.8,4.5,4.0,3.8,3.8,4.5,5.5,5.8,5.9,5.7,5.4,5.1,4.9,5.0,4.6,4.4,4.6,4.7,4.7,4.7,4.8,4.6,4.6,4.9,5.1,5.2,4.6,4.0,
1997,10,20,1997/10/20,,40.8,36.9,31.7,26.4,24.2,22.4,20.5,18.7,17.4,16.3,15.1,13.5,12.2,12.4,12.6,12.6,11.8,10.7,10.1,9.8,10.4,10.8,10.6,10.0,9.0,7.9,6.9,8.1,9.4,10.0,9.8,8.5,7.2,6.1,6.1,6.0,5.6,5.5,5.6,5.8,5.8,6.2,6.7,6.8,6.9,7.0,6.9,7.7,
1997,10,21,1997/10/21,,28.9,27.7,24.5,20.8,17.1,14.2,13.2,12.5,12.0,11.5,10.9,10.6,10.2,9.5,9.2,9.3,9.2,9.2,9.0,8.7,8.2,7.8,7.5,7.2,6.6,5.6,4.6,4.5,4.3,4.0,3.3,2.1,2.0,2.4,3.1,3.6,3.5,3.5,3.6,3.5,3.5,3.6,3.6,3.5,3.5,3.6,3.3,3.2,
1997,10,22,1997/10/22,,36.9,36.1,33.3,30.3,27.0,23.9,21.0,19.1,18.0,16.3,14.3,12.8,11.8,11.8,11.5,10.6,9.4,8.1,7.2,6.4,5.6,5.1,5.0,4.9,4.9,5.2,5.5,5.2,5.0,4.9,4.7,4.1,4.1,4.2,5.4,6.3,6.6,6.7,6.3,6.2,6.1,6.2,6.3,6.2,6.0,5.8,5.4,4.8,
1997,10,23,1997/10/23,,49.3,47.2,40.6,34.0,31.7,28.7,23.9,19.5,15.8,14.3,13.6,10.8,8.2,7.7,7.2,6.6,6.3,6.3,6.6,6.8,6.9,6.6,5.9,5.4,5.1,5.2,5.5,5.8,6.1,6.5,7.0,7.6,6.7,5.4,4.2,3.0,2.5,2.4,2.7,2.8,2.9,3.0,3.3,4.0,4.5,4.8,4.6,4.2,
1997,10,24,1997/10/24,,40.3,41.5,40.3,38.0,30.4,23.8,19.5,15.8,12.5,10.6,9.2,9.4,9.9,10.5,11.1,11.7,11.9,11.8,11.6,11.3,11.0,10.6,10.1,9.5,8.8,8.2,7.5,6.8,6.2,6.0,6.0,6.2,5.8,5.2,4.7,4.3,3.7,3.5,3.6,4.1,4.8,5.0,5.1,4.6,4.0,3.4,3.0,2.6,
1997,10,25,1997/10/25,,29.2,24.0,21.8,20.1,19.7,18.7,16.7,15.0,13.4,11.1,8.6,8.4,8.1,7.6,7.4,7.8,8.3,8.7,7.7,6.5,6.3,6.2,6.2,5.8,5.3,4.9,4.5,3.6,2.8,2.2,2.1,2.5,3.5,4.6,5.1,5.6,5.7,5.6,5.3,5.3,5.4,5.4,5.2,4.8,4.5,4.5,4.0,3.3,
1997,10,26,1997/10/26,,33.3,32.5,33.0,33.1,30.2,27.0,23.4,18.9,13.5,10.8,9.1,8.9,8.5,6.7,4.9,3.1,1.3,-0.3,-1.2,-1.8,-1.2,-0.7,-0.5,-0.6,-1.0,-1.0,-0.9,-0.2,0.7,2.1,2.8,2.8,3.3,3.8,3.2,2.5,1.5,0.6,0.0,0.0,0.2,0.3,0.5,0.7,1.0,1.2,1.1,0.7,
1997,10,27,1997/10/27,,46.5,44.7,40.4,35.5,27.8,21.3,17.6,14.5,11.9,11.1,10.7,9.1,7.7,7.3,7.3,7.8,8.0,8.2,8.0,7.6,6.2,5.1,4.6,4.4,4.5,3.9,3.1,2.7,2.4,1.9,1.4,0.8,0.7,0.7,0.7,0.7,1.1,1.3,1.2,1.2,1.2,1.1,1.0,0.8,0.6,0.3,0.0,-0.3,
1997,10,28,1997/10/28,,46.2,40.0,34.6,29.4,24.3,19.9,16.9,14.9,13.9,12.5,10.8,9.6,8.5,7.7,7.6,8.8,9.8,10.6,10.8,10.8,10.1,9.5,8.9,8.8,9.1,9.0,8.7,7.9,7.1,6.1,5.4,4.9,4.3,3.7,4.1,4.6,5.7,6.7,7.5,8.0,8.2,7.9,7.6,7.1,6.8,6.6,6.5,6.6,
1997,10,29,1997/10/29,,33.6,31.3,30.9,30.5,28.9,26.9,23.8,20.2,16.2,13.8,11.8,9.1,6.8,6.3,5.8,5.3,4.7,4.1,2.8,1.6,1.0,0.6,0.4,0.8,1.4,1.9,2.2,2.8,3.3,3.5,3.7,3.7,3.9,4.2,4.0,3.6,2.8,2.1,1.9,1.9,2.3,2.4,2.5,2.6,2.5,2.1,2.0,2.1,
1997,10,30,1997/10/30,,33.8,32.6,30.5,28.0,23.4,19.4,16.0,13.6,12.2,12.0,12.2,11.2,10.2,9.7,9.1,8.1,6.9,5.5,5.0,4.7,5.0,5.3,5.3,4.9,4.2,3.6,3.0,2.8,2.7,2.7,2.7,2.7,2.6,2.4,1.5,0.7,0.4,0.2,0.0,0.0,0.0,0.5,1.0,0.5,-0.1,-0.7,-0.4,0.5,
1997,10,31,1997/10/31,,45.2,43.4,39.1,34.7,31.1,27.0,21.7,17.5,14.2,12.2,10.8,10.8,10.7,9.8,8.9,8.0,7.5,7.1,6.5,5.9,6.2,6.4,6.5,6.7,7.0,6.5,5.8,5.2,4.4,3.5,2.8,2.3,2.1,2.0,1.7,1.5,2.0,2.5,3.2,3.7,4.2,4.4,4.4,4.0,3.7,3.6,3.6,4.0,
1997,11,1,1997/11/01,,42.0,35.8,29.3,23.4,21.9,21.0,21.7,21.0,19.2,16.5,13.5,11.6,10.2,9.7,9.5,9.8,10.2,10.6,10.2,9.4,8.4,7.4,6.4,6.1,6.3,6.8,7.4,7.1,6.7,6.4,6.2,6.2,6.3,6.3,6.2,6.2,6.3,6.5,6.7,6.6,6.5,5.9,5.3,4.7,4.1,3.6,3.3,3.6,
1997,11,2,1997/11/02,,34.5,30.7,25.9,21.2,18.1,16.0,15.8,14.8,13.1,12.3,11.6,9.5,7.7,7.9,8.0,8.0,8.3,8.8,8.3,7.5,6.4,5.5,4.7,3.9,3.0,2.1,1.3,1.5,1.5,1.2,1.1,1.3,1.4,1.5,1.1,0.5,-0.7,-1.6,-2.2,-2.5,-2.5,-2.4,-2.3,-1.7,-1.4,-1.4,-1.3,-0.3,
1997,11,3,1997/11/03,,38.7,37.7,35.6,33.6,32.4,29.5,23.2,17.5,12.3,9.2,7.2,8.1,9.1,9.0,8.6,7.8,6.5,4.8,3.4,2.2,2.0,2.1,2.8,3.2,3.4,2.6,1.6,1.3,1.1,0.7,0.6,0.8,1.2,1.4,1.6,1.5,1.0,0.8,0.9,0.9,0.9,0.9,0.9,1.4,1.8,2.0,1.8,1.6,
1997,11,4,1997/11/04,,34.2,29.1,29.7,30.7,27.4,23.3,18.5,15.7,14.8,13.6,12.1,12.0,12.2,13.4,14.2,14.1,13.9,13.6,13.6,13.4,13.0,12.7,12.4,12.0,11.6,10.9,10.1,9.4,9.0,9.1,8.8,8.3,8.3,8.5,8.5,8.7,9.1,9.2,9.0,8.8,8.5,8.1,7.8,7.7,7.5,7.1,6.8,6.4,
1997,11,5,1997/11/05,,31.4,31.1,27.9,23.8,17.2,12.2,10.6,10.8,12.0,10.9,9.1,8.1,7.4,7.3,7.1,6.7,6.4,6.1,5.6,5.1,5.3,5.3,4.6,3.6,2.3,1.7,1.4,1.5,1.7,2.0,2.0,1.8,1.4,1.1,1.0,0.7,0.0,-0.8,-1.6,-2.0,-2.2,-2.2,-2.2,-2.0,-2.0,-2.1,-2.0,-2.0,
1997,11,6,1997/11/06,,26.2,25.1,24.1,22.9,20.6,17.9,14.6,11.4,8.3,8.8,10.5,10.1,9.2,6.8,5.5,5.9,6.4,6.9,6.4,5.8,4.3,3.1,2.2,1.5,0.9,0.5,0.1,-0.1,-0.1,0.0,0.0,0.0,0.5,1.1,1.2,1.1,1.1,1.1,1.1,1.2,1.2,1.4,1.7,2.4,2.8,2.9,2.7,2.4,
1997,11,7,1997/11/07,,37.4,34.9,34.6,34.2,31.1,26.6,20.0,15.1,11.5,9.7,8.4,7.5,6.8,7.6,8.2,8.5,8.5,8.3,7.6,6.9,6.7,6.6,6.4,6.4,6.5,6.4,6.3,6.0,5.5,5.1,4.8,4.6,4.7,5.0,4.8,4.5,4.0,3.6,3.3,2.9,2.5,2.1,1.6,1.1,0.8,0.8,0.9,0.9,
1997,11,8,1997/11/08,,25.3,22.2,19.4,16.8,14.1,11.5,9.2,8.8,10.3,10.8,11.1,10.2,9.4,10.0,10.7,11.7,11.1,9.6,8.4,7.2,7.1,7.0,7.1,7.2,7.3,7.1,6.9,6.2,5.6,5.2,4.7,4.2,3.4,2.5,2.0,1.4,0.8,0.8,1.3,1.6,1.6,1.2,1.0,1.3,1.5,1.6,1.6,1.8,
1997,11,9,1997/11/09,,40.6,40.2,38.3,35.5,28.2,22.1,18.8,16.7,15.5,14.1,12.6,10.7,9.0,7.9,7.4,7.6,7.6,7.5,7.0,6.4,5.5,4.6,3.8,3.5,3.7,3.7,3.6,2.6,1.8,1.7,1.9,2.4,2.6,2.7,2.6,2.5,2.8,3.1,3.6,3.7,3.7,4.4,4.9,4.6,4.4,4.2,3.9,3.3,
1997,11,10,1997/11/10,,45.3,39.7,36.1,32.6,30.7,28.2,24.0,19.9,16.0,13.9,12.4,11.2,10.0,8.4,7.1,6.4,6.3,6.4,6.4,6.4,5.3,4.2,3.2,2.8,2.9,2.8,2.7,2.5,2.5,3.0,3.6,4.3,4.3,4.1,3.8,3.5,3.3,3.0,2.2,1.5,0.8,0.8,0.6,0.1,0.1,0.5,0.4,0.0,
1997,11,11,1997/11/11,,4.4,1.5,0.3,-0.4,0.3,0.7,0.9,0.9,0.7,1.7,3.1,4.4,5.7,6.7,6.9,6.1,5.9,6.0,6.2,6.6,6.7,6.9,6.8,6.0,5.0,5.0,5.2,5.4,5.7,6.0,5.7,5.0,4.8,4.5,4.0,3.4,2.9,2.8,2.9,2.5,2.0,2.0,1.9,1.9,1.6,1.1,1.2,2.4,
1997,11,12,1997/11/12,,27.8,28.8,29.3,28.8,23.7,19.1,15.8,13.7,12.8,10.5,7.7,5.0,3.0,3.5,3.7,3.4,2.7,1.7,1.0,0.5,1.0,1.6,2.3,2.6,2.8,1.8,0.7,0.5,0.4,0.5,0.0,-1.0,-1.8,-2.5,-1.9,-1.4,-0.9,-0.4,0.1,0.4,0.8,1.1,1.5,2.0,2.4,2.5,2.6,3.2,
1997,11,13,1997/11/13,,59.4,56.4,48.4,40.8,36.7,32.5,27.6,24.1,22.1,18.8,15.1,11.9,9.3,9.5,9.2,8.2,6.9,5.6,5.6,5.7,4.7,3.9,4.0,3.9,3.7,3.5,3.1,2.5,2.0,1.4,1.5,2.1,2.2,2.3,2.0,1.7,1.4,1.2,1.3,1.2,0.8,0.4,0.0,-0.2,-0.4,-0.5,-0.2,0.1,
1997,11,14,1997/11/14,,11.7,8.0,6.4,5.3,3.6,2.4,3.1,3.4,3.3,3.1,3.1,4.1,4.9,5.9,6.2,5.2,4.7,4.3,4.8,5.3,4.9,4.3,3.4,2.7,2.1,2.5,3.2,4.1,4.8,5.3,6.0,6.6,6.7,6.6,6.1,5.4,4.5,3.8,3.2,2.4,1.6,1.7,1.7,1.6,1.5,1.5,1.4,2.4,
1997,11,15,1997/11/15,,36.3,34.0,28.8,23.3,21.2,19.0,16.1,13.1,10.0,8.7,8.1,8.0,8.2,7.0,5.9,5.2,4.4,3.4,2.8,2.4,2.8,3.2,4.0,4.3,4.5,3.7,2.6,2.4,2.1,1.8,1.4,1.0,0.6,0.3,0.0,-0.2,-0.1,-0.1,0.0,0.2,0.3,0.7,1.1,1.7,2.1,2.2,2.2,2.9,
1997,11,16,1997/11/16,,45.2,46.0,42.5,38.0,31.6,25.9,21.3,17.9,15.7,14.3,13.1,9.5,6.1,4.4,3.9,4.5,4.0,2.8,1.8,0.8,0.4,0.1,0.3,0.7,1.1,1.1,0.7,0.1,-0.7,-1.5,-2.0,-2.4,-2.5,-2.7,-2.1,-1.6,-1.2,-0.8,-0.4,-0.3,-0.2,-0.2,-0.3,-0.3,-0.2,-0.3,-0.2,0.0,
1997,11,17,1997/11/17,,22.6,26.0,23.0,19.2,15.4,12.9,13.0,12.5,11.4,10.3,9.2,7.7,6.1,5.2,4.9,5.1,5.1,5.1,4.6,4.1,4.1,3.8,3.2,3.0,3.1,2.9,2.7,2.9,2.9,2.7,3.0,3.7,3.8,3.7,4.2,4.6,4.3,4.1,4.0,3.9,3.6,2.8,2.1,2.0,2.0,2.1,2.1,2.0,
1997,11,18,1997/11/18,,45.8,45.8,43.6,40.8,36.0,30.5,23.4,18.1,14.3,12.1,10.5,10.2,9.9,9.5,8.9,7.8,6.8,5.9,6.2,6.6,7.3,7.8,7.5,6.9,6.2,5.8,5.7,5.8,5.7,5.5,5.2,5.1,4.4,3.7,3.4,3.1,3.4,3.7,3.7,3.3,2.8,2.6,2.5,2.6,2.5,2.3,2.4,2.9,
1997,11,19,1997/11/19,,55.7,51.7,47.8,43.5,37.7,32.0,26.2,22.2,19.6,16.8,13.8,11.6,9.8,9.5,8.8,7.3,5.7,4.0,3.8,3.6,2.5,1.5,0.5,0.1,0.3,0.3,0.4,0.5,0.4,0.1,-0.8,-2.2,-3.5,-4.8,-4.7,-4.5,-3.6,-2.8,-2.0,-1.8,-1.9,-2.0,-1.9,-1.3,-0.8,-0.3,0.1,0.7,
1997,11,20,1997/11/20,,21.7,20.0,21.4,22.7,22.0,21.4,20.9,19.8,18.0,14.9,11.4,8.8,6.7,6.4,5.9,4.7,4.2,4.3,4.3,4.3,3.5,2.6,1.6,1.3,1.3,1.4,1.6,1.7,1.8,1.6,1.7,2.2,2.7,3.2,3.1,3.0,3.0,3.2,3.3,4.0,4.9,5.3,5.6,4.9,4.4,4.1,3.4,2.5,
1997,11,21,1997/11/21,,36.9,36.4,34.4,32.2,29.2,25.4,19.6,14.3,9.6,6.1,2.9,3.3,3.8,3.6,3.5,3.9,4.1,4.1,3.9,3.8,4.3,4.6,4.4,4.2,3.9,3.6,3.3,2.7,2.6,3.4,4.4,5.5,5.9,6.0,5.5,4.9,4.2,3.8,3.5,3.4,3.2,3.2,2.9,2.1,1.5,1.0,0.7,0.6,
1997,11,22,1997/11/22,,42.4,38.4,36.8,35.5,35.3,33.2,26.9,21.1,15.5,13.0,11.4,12.4,13.3,12.7,12.0,11.3,10.2,8.8,7.0,5.4,5.3,5.1,4.7,4.4,4.0,3.6,3.2,3.0,2.7,2.2,1.5,0.6,0.1,-0.2,-0.9,-1.2,-0.7,-0.4,-0.4,-0.6,-1.0,-1.3,-1.3,-0.6,0.3,1.4,2.0,3.1,
1997,11,23,1997/11/23,,28.9,25.4,24.0,22.9,21.9,20.9,20.0,19.0,17.9,15.8,13.3,9.8,6.3,3.5,2.0,2.3,2.1,1.7,1.2,0.6,-0.7,-1.7,-2.0,-2.0,-1.8,-1.3,-0.8,-1.0,-1.2,-1.3,-1.5,-1.9,-1.3,-0.5,0.1,0.7,1.1,1.4,1.6,1.9,2.2,2.2,2.3,2.6,2.4,1.8,1.0,0.4,
1997,11,24,1997/11/24,,41.1,41.5,41.2,40.6,38.3,35.1,30.2,25.0,19.5,16.2,13.8,10.2,6.9,5.1,4.0,3.8,4.0,4.6,5.3,6.0,5.8,5.6,5.2,5.5,6.2,6.5,6.7,6.9,7.0,7.2,7.5,7.9,7.9,7.7,7.8,7.7,6.9,6.7,6.8,6.8,6.7,6.8,6.7,6.2,4.9,2.9,2.4,2.9,
1997,11,25,1997/11/25,,34.9,31.9,31.4,30.9,30.0,28.5,25.8,20.8,13.6,9.5,6.8,5.1,3.9,4.6,5.9,8.3,9.1,8.8,7.6,6.2,5.4,4.8,4.7,4.5,4.2,4.4,4.7,4.0,3.2,2.5,2.2,2.2,2.1,2.1,2.5,2.7,2.5,2.3,2.1,2.1,2.0,1.4,0.7,0.3,0.2,0.2,0.5,1.0,
1997,11,26,1997/11/26,,25.4,26.0,24.8,23.3,22.1,21.0,19.8,17.9,15.2,12.4,9.7,8.9,8.0,5.9,4.4,4.0,3.5,3.1,1.7,0.3,0.0,-0.1,0.3,0.8,1.2,1.1,0.9,0.3,-0.3,-1.0,-1.5,-1.8,-1.9,-1.9,-1.8,-1.7,-1.4,-1.0,-0.5,-0.2,0.2,0.6,1.1,1.4,1.5,1.3,1.2,0.9,
1997,11,27,1997/11/27,,30.5,26.5,24.1,21.9,19.9,18.0,16.0,15.1,14.9,14.0,12.6,10.0,7.6,5.5,3.0,0.2,-1.8,-3.4,-2.7,-1.6,0.4,2.0,3.0,3.5,3.3,2.4,1.3,1.2,1.4,2.0,2.5,2.9,3.1,3.4,3.4,3.2,3.1,3.1,3.1,3.3,3.5,3.4,3.0,1.9,1.0,0.3,0.1,1.2,
1997,11,28,1997/11/28,,32.6,26.0,25.3,24.8,23.3,21.8,20.6,19.2,17.5,14.9,11.7,8.3,5.6,4.9,4.2,4.0,4.3,4.7,4.9,4.8,4.4,4.1,3.5,3.1,2.8,2.5,2.3,1.9,1.6,1.7,1.9,2.2,2.0,1.6,2.2,2.5,2.2,1.9,1.7,1.5,1.3,1.0,0.6,0.4,0.2,0.1,0.3,1.6,
1997,11,29,1997/11/29,,30.3,28.7,26.8,25.3,24.3,21.9,17.1,13.5,11.2,9.1,7.0,6.3,6.3,7.4,8.3,8.8,8.3,7.4,6.5,5.5,4.7,4.0,3.5,3.2,3.1,3.4,3.9,3.7,3.4,2.3,1.5,1.0,0.6,0.0,-0.6,-1.0,-1.0,-0.8,-0.2,0.1,0.3,0.2,0.2,1.0,1.7,1.8,2.0,3.3,
1997,11,30,1997/11/30,,35.1,33.3,31.0,28.4,26.5,25.0,24.8,23.8,21.6,19.0,16.4,15.8,15.3,14.5,13.0,10.6,8.0,5.5,4.1,2.9,2.6,2.5,2.9,3.1,3.0,2.9,2.8,3.0,2.9,2.1,2.0,2.2,2.6,3.1,3.6,4.0,3.9,3.8,3.9,4.2,4.5,4.4,4.4,4.2,4.2,4.5,4.6,5.2,
1997,12,1,1997/12/01,,41.9,33.1,28.8,25.8,24.8,23.8,22.5,21.6,21.5,20.2,17.8,13.0,8.1,5.9,4.9,5.1,5.0,4.6,4.5,4.7,5.2,5.4,5.6,5.8,5.7,5.8,5.9,5.4,5.0,4.6,4.3,3.9,4.1,4.3,4.5,4.6,4.8,4.9,4.8,4.7,4.7,4.5,4.3,3.6,3.2,3.1,2.9,3.7,
1997,12,2,1997/12/02,,21.8,28.4,31.1,32.5,29.0,25.4,21.8,19.6,18.6,15.4,11.7,9.4,7.6,7.4,6.9,6.0,6.2,7.0,7.2,7.5,6.9,6.5,6.7,6.4,5.7,5.4,5.4,5.0,4.7,4.5,4.1,3.5,3.2,3.2,3.3,3.3,2.8,2.6,2.6,2.6,2.7,2.2,1.7,1.5,1.4,1.5,1.7,2.0,
1997,12,3,1997/12/03,,37.0,36.2,37.0,37.7,35.3,32.3,28.0,23.8,19.6,14.7,9.7,8.9,8.7,10.2,10.9,10.5,10.2,10.0,8.9,7.7,6.8,6.1,5.8,5.4,5.0,5.0,4.9,5.1,5.3,5.1,4.8,4.4,4.1,3.9,4.0,4.1,3.8,3.7,3.6,3.7,3.9,4.1,4.2,4.4,4.5,4.9,5.0,5.1,
1997,12,4,1997/12/04,,55.7,50.0,45.6,41.8,37.1,32.5,28.5,24.5,20.9,19.3,18.7,18.9,18.6,16.8,15.2,13.9,12.6,11.5,9.5,7.4,5.7,4.5,4.5,4.6,4.8,4.9,4.9,5.2,5.2,4.8,4.6,4.5,4.4,4.4,4.4,4.3,4.2,4.1,3.9,4.1,4.6,5.1,5.6,6.0,6.4,6.7,6.7,7.7,
1997,12,5,1997/12/05,,31.8,27.6,23.0,18.8,18.9,18.6,17.2,15.4,13.0,12.2,12.3,10.9,9.1,7.3,5.5,4.0,3.1,2.5,2.7,3.1,3.2,3.4,3.9,4.4,4.8,4.8,4.8,4.7,4.6,4.5,4.3,4.0,3.8,3.8,4.3,4.4,3.4,2.9,2.7,2.5,2.3,1.9,1.6,1.9,1.9,2.0,1.9,1.9,
1997,12,6,1997/12/06,,36.5,38.5,33.8,29.4,29.4,29.1,28.3,29.0,30.6,27.7,23.1,19.1,15.8,14.5,13.1,11.7,11.7,12.4,12.5,12.5,13.0,13.0,12.1,11.1,9.8,9.1,8.7,8.5,8.5,8.5,8.5,8.7,9.3,9.9,9.4,9.0,9.2,9.2,9.1,9.0,8.8,8.8,8.8,8.5,8.3,8.0,7.8,8.3,
1997,12,7,1997/12/07,,43.6,41.9,38.4,35.1,32.0,29.6,28.6,26.9,24.3,20.7,16.7,14.0,11.9,11.2,10.5,9.7,8.3,6.6,4.8,2.9,1.5,0.4,-0.1,0.2,1.1,0.7,0.1,-0.5,-0.8,-0.7,-0.6,-0.5,-0.3,-0.1,-0.3,-0.6,-0.7,-0.7,-0.6,-0.5,-0.6,-0.7,-0.8,-0.5,-0.2,0.1,0.5,1.0,
1997,12,8,1997/12/08,,23.0,20.6,17.1,14.3,14.8,14.4,12.6,10.7,8.9,8.1,7.9,8.1,8.4,8.7,9.0,9.1,8.5,7.7,6.2,4.9,4.9,4.9,5.1,5.6,6.3,6.7,7.1,6.6,6.2,6.2,5.7,5.0,4.8,4.6,4.4,4.2,4.7,4.9,4.9,5.0,5.0,5.3,5.3,4.9,4.2,3.2,2.6,4.0,
1997,12,9,1997/12/09,,28.9,27.9,28.7,29.6,29.2,28.0,25.0,22.0,19.1,17.5,16.2,14.6,12.9,11.3,9.5,7.3,5.8,4.9,5.0,5.2,5.9,6.3,6.2,5.9,5.4,5.2,5.0,4.3,3.5,3.1,3.1,3.5,3.6,3.6,3.7,3.7,3.3,3.5,4.4,5.0,5.6,5.9,6.0,5.7,5.6,5.9,6.2,6.8,
1997,12,10,1997/12/10,,36.0,38.5,39.7,40.2,37.8,33.9,27.2,22.9,20.8,22.2,24.7,25.0,24.5,21.9,18.9,15.7,13.5,11.7,10.5,9.4,8.6,8.1,8.2,7.8,7.0,5.7,4.4,4.0,3.8,4.2,4.4,4.3,4.7,5.0,4.7,4.5,4.7,4.6,4.4,4.2,4.0,3.7,3.5,3.6,3.7,3.8,3.9,5.3,
1997,12,11,1997/12/11,,15.7,26.1,24.8,22.5,19.9,17.6,16.4,15.8,16.1,16.1,15.8,12.3,8.8,6.9,6.2,7.1,8.2,9.4,8.4,7.2,5.5,4.0,3.1,2.5,2.3,2.7,3.1,4.2,5.2,5.5,5.6,5.3,5.2,5.1,5.6,6.0,6.0,6.1,6.4,6.5,6.6,6.2,5.7,5.0,4.3,3.6,3.2,3.7,
1997,12,12,1997/12/12,,28.1,22.5,16.3,10.8,10.3,11.2,15.0,18.3,20.8,18.2,14.1,10.2,6.8,5.5,4.7,4.5,4.5,4.6,4.8,4.9,4.4,4.0,4.0,4.0,4.2,4.5,4.9,4.5,4.0,3.7,3.3,2.8,2.7,2.7,2.2,1.8,1.3,0.9,0.5,0.5,0.7,1.2,1.6,1.4,1.3,1.4,1.6,2.4,
1997,12,13,1997/12/13,,30.1,27.8,29.1,31.0,32.9,33.5,31.5,28.0,23.3,19.5,16.5,16.0,15.9,16.8,16.2,13.5,10.2,6.6,4.4,2.8,3.9,5.5,8.1,9.2,9.2,8.0,6.6,4.8,3.3,2.8,2.7,2.9,3.8,4.8,5.6,6.1,5.4,4.7,4.0,3.8,3.7,4.4,5.2,6.0,6.7,7.5,7.7,8.8,
1997,12,14,1997/12/14,,23.8,30.8,32.9,34.7,36.2,35.6,30.4,25.4,20.5,17.6,15.7,15.6,15.9,16.9,17.1,15.9,14.4,12.8,12.3,12.0,12.0,12.4,13.2,13.1,12.3,11.4,10.5,9.0,7.5,6.5,6.1,6.5,7.1,7.8,8.4,8.9,8.6,8.0,7.3,7.1,7.2,7.3,7.4,7.7,7.7,7.1,6.7,7.1,
1997,12,15,1997/12/15,,30.0,29.4,23.1,16.5,12.2,9.8,11.8,14.3,17.1,18.4,19.2,14.7,10.2,7.3,6.4,8.0,8.3,8.1,6.6,4.9,2.1,0.4,0.9,2.3,4.7,6.0,7.1,7.3,7.3,6.9,6.4,5.8,5.3,4.9,4.7,4.4,4.1,3.9,3.9,3.6,3.2,3.0,2.7,2.6,2.8,3.1,3.4,3.8,
1997,12,16,1997/12/16,,27.2,23.0,24.0,25.4,24.3,23.2,22.5,21.7,20.7,18.3,15.5,13.1,11.3,11.3,10.9,9.7,7.9,6.1,5.4,5.0,4.9,5.1,5.7,5.7,5.2,4.5,3.9,3.5,3.4,3.6,3.8,3.8,3.5,2.9,2.5,2.1,2.4,2.9,3.4,3.5,3.4,3.3,3.3,3.6,3.8,4.1,4.5,4.6,
1997,12,17,1997/12/17,,12.1,18.8,22.8,26.4,29.4,31.2,30.2,27.2,22.4,16.9,11.2,8.8,7.4,10.1,12.4,14.4,13.6,11.0,9.6,8.5,9.8,11.0,12.0,11.7,10.1,8.4,6.9,6.3,5.9,6.1,6.5,7.3,7.7,7.9,8.1,8.3,7.8,7.8,8.3,8.4,8.2,7.7,7.2,6.9,6.7,6.8,6.4,6.1,
1997,12,18,1997/12/18,,36.8,36.7,29.6,22.4,18.7,16.8,18.1,19.4,20.5,19.8,18.5,16.8,14.6,11.1,8.6,7.8,8.1,8.7,7.8,6.5,5.0,3.7,3.0,2.4,1.8,2.3,3.2,3.9,4.6,4.8,4.5,3.8,3.7,3.7,3.4,3.1,2.9,2.9,3.0,2.8,2.5,2.5,2.4,2.5,2.6,2.6,2.9,3.9,
1997,12,19,1997/12/19,,15.8,17.9,17.0,15.7,13.7,12.3,11.9,11.6,11.3,11.4,11.5,10.9,9.9,7.5,6.2,6.3,6.4,6.4,6.1,5.5,3.9,2.4,1.2,0.7,0.6,2.4,4.5,5.1,5.5,5.4,4.5,2.8,2.3,2.2,2.3,2.3,2.1,1.8,1.4,1.7,2.1,2.4,2.7,3.2,3.6,3.9,3.8,4.4,
1997,12,20,1997/12/20,,12.4,11.9,13.6,15.7,17.1,18.0,17.5,14.6,9.6,5.9,2.9,1.7,1.2,3.1,4.8,5.8,4.8,2.7,3.3,4.6,7.2,9.1,9.5,9.1,7.9,6.5,5.1,3.9,2.9,2.5,2.7,3.3,3.6,3.8,3.5,3.5,4.2,4.9,5.4,5.4,5.2,5.1,4.8,4.3,4.0,3.9,4.1,5.1,
1997,12,21,1997/12/21,,22.8,26.3,25.6,24.5,23.1,21.5,19.3,17.5,16.1,15.7,15.6,15.4,15.2,14.6,13.3,10.8,7.8,5.0,5.6,6.5,6.8,6.9,6.7,5.8,4.5,3.3,2.2,2.4,2.7,3.7,4.2,4.3,3.9,3.4,3.4,3.3,3.1,3.2,3.5,3.6,3.7,3.3,2.8,2.2,1.8,1.7,2.1,2.7,
1997,12,22,1997/12/22,,18.4,21.5,21.2,20.4,16.7,14.1,13.5,12.1,10.1,10.3,11.0,12.0,12.7,12.2,11.5,10.6,8.8,6.6,6.4,5.9,4.7,3.3,1.5,0.8,0.8,1.6,2.6,4.3,5.7,6.3,5.9,4.4,3.8,3.4,3.6,3.8,3.9,3.7,3.2,2.9,2.6,3.1,3.6,4.0,4.2,4.2,4.5,5.1,
1997,12,23,1997/12/23,,5.8,7.9,12.1,16.0,16.8,16.8,15.6,14.3,13.0,12.0,10.9,7.7,4.7,3.0,2.8,4.9,5.9,6.2,5.1,4.0,3.9,4.2,5.0,5.4,5.6,5.2,4.7,3.8,2.8,1.9,1.1,0.4,0.6,1.2,1.2,1.1,0.9,0.8,0.7,1.1,1.7,2.7,3.5,3.5,3.5,3.5,3.4,3.4,
1997,12,24,1997/12/24,,28.2,28.4,26.7,24.5,21.2,17.6,14.0,12.4,12.7,12.8,12.6,10.5,8.5,7.4,6.5,5.8,5.3,5.0,3.7,2.5,2.9,3.4,4.0,4.2,4.0,3.6,3.0,2.1,1.4,1.4,1.7,2.3,2.8,3.3,3.3,3.2,2.8,2.7,2.9,3.0,3.2,2.9,2.6,1.9,1.3,0.8,0.8,0.9,
1997,12,25,1997/12/25,,13.4,14.8,16.5,17.7,16.8,15.9,15.2,15.0,15.2,14.2,12.7,13.3,14.1,14.7,14.2,12.5,10.6,8.3,7.4,6.6,6.3,5.6,4.6,4.2,4.2,4.3,4.4,4.7,4.9,4.6,4.5,4.5,4.4,4.4,3.9,3.5,3.9,4.0,3.9,3.7,3.6,3.6,3.6,4.1,4.6,5.2,5.4,6.2,
1997,12,26,1997/12/26,,16.6,17.3,16.5,15.8,15.6,15.8,16.8,16.1,13.8,11.4,9.0,8.7,8.7,6.4,4.7,4.7,5.2,6.3,6.3,5.8,4.7,3.7,3.7,3.9,4.1,4.4,4.8,5.2,5.7,6.1,6.2,5.7,5.1,4.4,4.2,4.1,4.1,4.3,4.7,4.6,4.1,4.4,4.7,4.7,5.0,5.6,5.7,5.2,
1997,12,27,1997/12/27,,27.1,24.0,20.3,17.2,15.9,14.1,11.1,8.3,6.0,6.1,7.0,6.9,6.6,5.5,4.3,2.7,1.3,-0.2,0.1,0.8,2.0,2.7,2.2,1.4,0.4,0.2,0.1,-0.1,-0.3,-0.8,-1.1,-1.2,-1.1,-1.0,-1.2,-1.3,-1.2,-1.1,-0.9,-1.3,-2.0,-3.3,-4.3,-4.2,-3.7,-3.0,-2.7,-2.6,
1997,12,28,1997/12/28,,-8.0,-5.4,-2.8,-0.2,-1.5,-1.9,0.5,3.0,5.7,6.0,5.2,4.7,4.5,6.6,7.1,5.0,3.2,1.7,2.0,2.6,4.1,4.9,4.2,3.6,3.2,3.5,4.0,4.5,4.9,5.0,4.8,4.4,4.7,5.3,5.5,5.7,5.7,5.7,5.6,5.2,4.6,4.5,4.4,4.4,4.5,4.5,4.3,5.0,
1997,12,29,1997/12/29,,23.5,27.5,27.8,26.9,21.1,16.7,16.0,15.7,15.8,13.7,10.8,10.6,10.4,9.4,9.2,10.7,11.4,11.7,9.9,7.8,5.3,3.7,3.9,4.2,4.8,4.8,4.7,4.7,4.5,4.0,4.0,4.5,4.9,5.0,5.4,5.5,4.7,4.0,3.2,3.1,3.3,3.9,4.5,5.0,5.3,5.2,4.7,4.1,
1997,12,30,1997/12/30,,30.0,24.6,17.3,10.8,10.8,10.8,11.9,11.0,8.6,7.3,6.1,4.6,3.8,3.9,3.9,3.7,3.3,3.0,1.9,0.6,-0.2,-0.4,0.2,0.5,0.7,0.8,1.1,1.3,1.2,0.4,-0.2,-0.5,-1.0,-1.6,-1.9,-2.0,-2.0,-1.9,-1.8,-2.2,-2.7,-3.1,-3.3,-3.5,-3.5,-3.4,-3.3,-3.5,
1997,12,31,1997/12/31,,2.7,5.2,6.3,6.7,7.2,7.9,8.8,8.5,7.0,4.9,2.8,1.4,1.2,5.3,8.5,9.5,7.2,3.6,0.8,-1.6,-0.2,1.6,3.5,4.5,5.0,4.8,4.4,4.0,3.6,3.1,2.7,2.2,2.4,2.7,3.2,3.5,3.7,3.9,4.4,4.3,4.0,4.0,3.9,3.6,3.5,3.5,3.4,3.1,
1998,1,1,1998/01/01,,5.2,13.1,15.8,17.2,12.7,9.3,8.1,8.0,9.2,8.7,7.6,6.7,5.7,4.9,4.8,5.6,5.7,5.6,6.0,6.2,5.3,4.5,3.9,3.5,3.1,2.8,2.7,2.5,2.5,2.9,3.2,3.4,3.7,3.8,3.6,3.4,2.6,2.2,2.2,2.4,2.8,3.0,3.3,3.7,4.2,4.8,4.7,5.1,
1998,1,2,1998/01/02,,43.1,42.7,36.2,28.9,21.5,15.8,13.1,12.0,12.2,12.4,12.5,12.2,11.6,10.0,8.6,7.1,6.5,6.3,6.3,6.0,4.0,2.4,1.1,0.3,-0.1,0.3,1.0,1.1,0.9,0.6,0.5,0.5,-0.1,-0.9,-1.3,-1.6,-1.8,-2.0,-2.2,-2.0,-1.7,-1.9,-2.1,-2.2,-2.4,-2.6,-3.0,-3.8,
1998,1,3,1998/01/03,,6.5,4.3,0.7,-2.2,-0.4,2.4,6.8,9.5,10.6,8.4,5.4,3.6,1.9,0.5,-0.2,-0.5,-1.3,-2.4,-2.8,-3.2,-4.0,-3.9,-2.4,-0.6,1.5,2.2,2.8,3.1,3.3,3.2,3.4,3.9,3.2,2.4,2.2,2.2,2.6,3.3,4.2,4.7,5.0,4.8,4.5,4.2,3.8,3.1,3.0,3.4,
1998,1,4,1998/01/04,,7.7,11.5,16.8,21.7,22.8,22.5,19.7,16.6,13.3,11.8,11.1,11.2,11.4,12.0,12.4,12.5,11.7,10.4,9.6,8.9,8.6,8.3,8.1,7.4,6.4,5.4,4.5,4.0,3.5,3.0,2.9,3.1,3.6,4.1,3.9,3.7,3.2,2.8,2.8,2.5,2.1,2.9,3.6,4.0,4.2,4.2,3.9,4.1,
1998,1,5,1998/01/05,,29.2,28.3,26.4,24.5,21.9,18.1,12.3,8.6,6.5,6.6,7.2,7.8,8.3,7.6,6.3,4.4,4.1,4.6,4.7,4.8,5.6,5.6,4.2,2.7,1.3,1.0,0.9,0.9,0.9,0.8,1.1,1.8,2.5,3.2,2.7,2.1,1.3,0.5,-0.1,-0.3,-0.2,0.1,0.5,1.1,1.2,0.8,0.5,0.4,
1998,1,6,1998/01/06,,13.3,13.8,12.9,11.9,10.9,10.8,11.9,12.4,12.4,12.4,12.3,11.3,10.1,9.2,8.4,7.5,5.3,2.5,0.5,-1.4,-2.2,-2.9,-3.2,-3.1,-2.7,-2.1,-1.5,-1.0,-0.6,-0.3,-0.2,-0.2,-0.3,-0.4,-0.6,-0.9,-1.1,-1.1,-1.0,-1.1,-1.3,-1.1,-0.9,-0.9,-1.1,-1.2,-1.2,-1.5,
1998,1,7,1998/01/07,,8.6,10.0,10.7,11.0,9.0,7.9,8.6,9.1,9.4,7.8,5.7,4.4,3.3,3.5,4.4,6.1,6.6,6.3,4.9,3.6,3.0,2.9,4.0,4.4,4.4,3.7,2.9,2.7,2.4,1.9,1.6,1.6,1.7,1.8,2.1,2.4,2.7,2.9,2.9,2.3,1.5,1.2,1.0,1.4,1.8,2.0,2.0,2.2,
1998,1,8,1998/01/08,,21.1,22.0,23.3,24.1,23.9,22.8,20.0,16.1,11.3,8.0,5.5,5.6,5.9,6.0,5.9,5.2,4.3,3.4,3.6,4.1,4.6,4.9,5.2,5.1,4.7,3.4,2.1,1.0,0.3,0.4,0.3,0.0,0.0,0.2,0.6,0.8,0.6,0.3,-0.4,-0.5,-0.4,-0.2,0.1,0.9,1.4,1.5,1.5,0.9,
1998,1,9,1998/01/09,,10.4,10.5,9.4,8.3,8.1,7.9,6.9,5.6,4.5,5.4,7.0,9.2,11.0,10.6,9.2,6.7,4.5,2.6,1.7,0.9,0.2,-0.4,-0.7,-0.9,-1.0,-0.4,0.3,1.0,1.5,1.4,1.2,1.1,0.9,0.7,0.8,0.7,-0.2,-0.8,-1.4,-1.0,-0.3,0.1,0.2,-0.4,-0.8,-0.7,-0.8,0.1,
1998,1,10,1998/01/10,,11.2,11.2,11.0,10.7,10.1,9.7,9.7,11.0,13.6,13.8,12.8,9.4,6.2,4.1,2.9,3.2,3.4,3.6,2.3,0.9,-0.1,-0.9,-1.3,-1.0,0.0,0.4,0.6,0.6,0.6,0.7,0.5,-0.1,-0.6,-1.0,-1.0,-0.8,0.2,0.9,1.4,1.4,1.1,0.7,0.3,-0.3,-0.5,-0.4,-0.2,0.5,
1998,1,11,1998/01/11,,12.0,12.5,14.4,16.8,18.4,18.4,15.6,13.0,11.1,7.8,3.7,1.1,-0.9,-1.4,-1.3,-0.6,-0.3,-0.1,0.2,0.5,0.6,0.9,1.4,1.6,1.7,1.8,1.8,1.3,0.8,0.4,-0.2,-0.8,-1.0,-1.0,-1.1,-1.3,-1.4,-1.3,-0.7,-0.6,-0.6,-0.5,-0.4,0.0,0.5,1.1,0.8,0.7,
1998,1,12,1998/01/12,,7.8,8.6,11.2,13.6,13.0,12.5,12.1,9.2,4.1,3.2,3.9,6.3,8.6,10.1,10.1,8.0,6.5,5.3,4.4,3.8,3.4,3.1,3.4,3.1,2.3,1.9,1.5,1.3,1.1,0.7,0.2,-0.2,-0.6,-1.1,-0.8,-0.8,-1.7,-2.4,-2.8,-2.5,-2.0,-1.2,-0.6,-0.7,-0.6,-0.5,-0.6,-1.7,
1998,1,13,1998/01/13,,10.9,11.5,12.0,12.5,12.8,12.9,12.7,13.1,14.1,15.9,17.8,18.4,18.6,17.7,16.4,14.6,12.1,9.2,7.2,5.5,4.4,3.3,2.1,1.2,0.5,-0.1,-0.6,-0.1,0.3,0.5,1.3,2.5,3.1,3.7,3.8,3.8,3.2,2.9,2.9,2.8,2.5,2.2,2.0,2.0,2.0,2.1,1.7,-0.6,
1998,1,14,1998/01/14,,13.7,14.0,14.7,15.1,13.1,10.6,7.4,5.0,3.2,2.3,1.8,-1.4,-4.6,-6.4,-7.6,-8.2,-7.5,-6.0,-5.4,-5.0,-5.2,-5.2,-4.6,-4.0,-3.4,-2.3,-1.1,-0.9,-0.9,-1.3,-1.7,-2.4,-2.4,-2.3,-3.2,-4.0,-4.0,-4.0,-4.1,-4.2,-4.1,-3.9,-3.6,-3.3,-2.8,-2.1,-1.8,-1.1,
1998,1,15,1998/01/15,,10.6,11.0,13.6,16.6,19.2,20.9,20.9,20.4,19.2,15.9,11.8,9.2,7.4,7.7,8.8,10.8,11.9,12.3,11.1,9.5,7.6,6.3,6.4,6.7,7.1,7.1,6.8,6.1,5.3,4.0,2.7,1.4,0.5,-0.3,-0.5,-0.8,-1.1,-1.0,-0.4,0.1,0.6,0.8,1.0,1.4,1.6,1.2,1.1,1.0,
1998,1,16,1998/01/16,,6.0,6.3,6.5,6.8,7.5,8.0,8.7,9.0,8.8,7.2,5.4,8.1,10.8,11.4,11.6,11.4,11.0,10.3,8.5,6.8,5.7,5.0,4.7,5.0,5.7,5.4,5.0,3.5,2.3,2.0,1.9,1.9,2.6,3.5,3.6,3.5,3.4,3.4,3.4,3.2,3.0,3.0,3.0,2.8,2.7,2.7,2.7,3.3,
1998,1,17,1998/01/17,,9.5,10.0,10.8,11.7,13.4,14.1,13.0,11.1,8.5,8.3,9.0,9.1,8.6,6.0,2.9,-0.6,-4.2,-7.8,-7.9,-7.3,-5.7,-4.5,-3.6,-3.4,-3.5,-4.2,-5.1,-4.9,-4.4,-3.0,-2.0,-1.3,-1.0,-0.9,-0.7,-0.6,-0.7,-1.0,-1.4,-1.8,-2.1,-1.8,-1.5,-1.2,-1.2,-1.5,-1.3,-1.3,
1998,1,18,1998/01/18,,25.9,26.6,27.0,27.2,26.6,24.0,17.4,12.1,7.6,6.7,6.9,3.2,-0.2,-1.6,-2.2,-1.7,-1.3,-1.0,1.4,3.8,4.1,4.2,3.9,3.1,2.0,1.3,0.9,2.4,3.6,4.3,4.0,2.9,1.4,-0.2,-1.4,-2.5,-2.9,-3.1,-3.0,-2.7,-2.3,-2.3,-2.3,-2.6,-2.5,-2.0,-1.9,-2.5,
1998,1,19,1998/01/19,,2.9,2.9,3.5,4.0,4.3,4.8,6.0,6.5,6.3,5.7,4.9,4.7,4.8,5.7,6.8,8.2,9.7,10.9,10.5,9.5,6.9,4.6,2.9,2.0,1.7,2.6,3.8,3.9,3.5,1.9,0.7,0.1,0.1,0.2,0.1,0.2,0.8,1.4,1.9,2.1,2.3,1.9,1.5,0.8,0.6,1.1,1.7,2.1,
1998,1,20,1998/01/20,,6.1,6.9,8.1,9.6,12.2,14.2,14.5,13.5,11.3,10.6,10.5,9.6,8.7,8.0,7.0,5.5,4.3,3.0,1.1,-0.7,-1.3,-1.5,-0.7,0.3,1.5,1.9,2.1,1.6,0.8,-0.5,-1.2,-1.4,-0.8,0.2,1.8,3.1,3.3,3.3,3.2,2.9,2.6,2.3,2.2,2.6,2.8,2.8,3.0,3.0,
1998,1,21,1998/01/21,,20.7,21.2,21.7,22.3,23.3,22.8,19.1,13.0,5.1,1.1,-1.7,-0.8,0.3,1.2,1.0,-0.8,-2.8,-5.0,-5.7,-6.1,-5.3,-4.6,-4.0,-3.6,-3.4,-3.6,-3.9,-3.8,-3.7,-3.2,-2.7,-2.1,-1.6,-1.1,-1.2,-1.4,-2.2,-2.9,-3.6,-4.0,-4.1,-4.1,-4.2,-4.1,-3.9,-3.4,-3.2,-4.3,
1998,1,22,1998/01/22,,8.2,8.9,9.9,10.6,9.3,8.2,7.6,7.0,6.4,4.8,2.8,1.3,0.1,0.8,1.3,1.5,1.5,1.5,3.0,4.6,5.5,5.7,4.4,3.3,2.4,1.7,1.0,1.3,1.5,1.4,1.1,0.6,-0.6,-1.9,-2.1,-2.2,-2.1,-1.9,-1.8,-1.9,-2.1,-1.9,-1.7,-1.7,-1.6,-1.5,-1.3,-1.0,
1998,1,23,1998/01/23,,11.9,11.8,12.5,13.0,13.3,12.9,10.4,8.4,7.4,7.2,7.0,5.2,3.7,2.6,1.6,0.8,1.2,2.4,4.4,6.1,4.7,2.6,-1.1,-3.6,-5.1,-4.8,-3.9,-3.1,-2.3,-2.0,-1.8,-1.8,-1.9,-2.0,-2.2,-2.4,-2.5,-2.7,-2.9,-3.0,-3.1,-3.0,-2.9,-2.5,-2.2,-2.4,-2.4,-2.2,
1998,1,24,1998/01/24,,16.1,16.3,16.6,16.9,17.3,17.4,17.1,16.0,14.2,12.7,11.3,10.5,9.7,8.7,8.0,8.0,7.8,7.5,6.4,5.1,2.6,0.4,-0.8,-0.8,0.1,0.8,1.4,1.8,2.1,2.0,1.9,1.8,2.0,2.1,2.4,2.6,2.7,3.0,3.3,3.4,3.6,4.0,4.3,4.4,4.5,4.7,4.4,3.7,
1998,1,25,1998/01/25,,15.2,15.6,15.8,16.0,16.2,16.2,15.7,14.2,11.8,8.9,5.9,3.9,2.2,2.0,1.8,1.1,-0.3,-2.0,-2.2,-1.9,0.5,2.8,4.2,4.7,4.5,3.1,1.7,0.5,-0.5,-1.1,-1.5,-1.6,-1.6,-1.6,-1.4,-1.4,-1.5,-1.6,-1.5,-1.7,-2.1,-1.7,-1.4,-1.6,-2.0,-2.7,-3.3,-4.6,
1998,1,26,1998/01/26,,7.8,8.2,8.3,8.4,8.7,9.1,9.3,9.6,9.8,9.5,9.0,7.8,6.4,4.7,3.5,3.1,1.8,0.1,0.4,1.2,2.8,3.9,4.0,3.4,2.2,0.5,-1.3,-2.5,-3.2,-3.1,-3.1,-3.1,-3.0,-3.0,-2.9,-2.8,-2.3,-1.9,-1.6,-1.7,-2.0,-2.7,-3.4,-4.1,-4.4,-4.3,-3.6,-3.0,
1998,1,27,1998/01/27,,11.2,11.0,11.3,11.7,12.1,12.5,13.1,13.1,12.6,11.0,9.4,7.8,6.3,4.9,4.0,3.8,3.7,3.7,3.7,3.6,1.7,-0.3,-2.3,-3.5,-3.9,-2.7,-1.2,-0.1,0.9,1.4,1.8,2.2,2.0,1.6,1.3,1.0,0.7,0.6,0.6,0.7,0.8,0.5,0.2,0.8,1.5,2.3,2.5,2.9,
1998,1,28,1998/01/28,,22.7,23.4,23.3,23.1,23.2,22.9,21.9,19.8,16.2,11.2,6.1,3.8,2.4,2.4,2.5,2.6,3.2,4.1,3.6,2.4,-0.3,-2.5,-2.9,-2.0,-0.4,0.6,1.4,0.6,-0.4,-1.4,-2.1,-2.5,-2.7,-2.9,-2.8,-2.5,-2.0,-1.8,-2.1,-2.3,-2.3,-2.5,-2.6,-2.3,-2.1,-1.7,-1.6,-2.0,
1998,1,29,1998/01/29,,24.5,25.0,25.0,25.2,25.9,25.9,23.9,19.7,13.7,9.9,7.2,5.3,3.2,1.0,-0.7,-1.4,-2.2,-3.0,-3.2,-3.1,-1.6,0.2,2.2,3.4,3.9,3.2,2.3,1.6,1.1,0.5,0.0,-0.1,0.1,0.4,0.2,-0.1,-0.5,-0.6,-0.4,0.0,0.5,0.4,0.2,-0.2,-0.6,-1.2,-1.2,-1.5,
1998,1,30,1998/01/30,,12.7,12.8,12.9,12.9,13.5,14.2,14.9,14.8,14.0,13.3,12.7,11.4,9.9,7.6,6.3,6.4,6.3,6.2,4.1,1.9,1.6,1.2,0.7,-0.5,-2.2,-3.1,-3.8,-4.0,-4.0,-3.7,-3.1,-2.4,-1.7,-1.1,-1.2,-1.4,-1.8,-2.0,-2.0,-2.2,-2.5,-2.1,-1.9,-2.3,-2.6,-2.6,-2.8,-3.9,
1998,1,31,1998/01/31,,13.5,14.0,14.2,14.3,13.8,13.0,12.0,10.4,8.1,3.9,-1.0,-2.4,-3.2,-2.0,-1.1,-0.6,0.1,0.9,1.2,1.4,0.0,-1.4,-2.6,-2.9,-2.6,-2.4,-2.1,-2.7,-3.1,-2.8,-2.5,-2.2,-2.4,-2.8,-3.0,-3.3,-3.5,-3.4,-2.9,-2.3,-1.5,-1.2,-1.2,-1.8,-2.1,-2.2,-1.9,-1.8,
1998,2,1,1998/02/01,,15.6,16.5,17.3,18.0,19.0,19.6,19.7,17.8,14.2,11.3,8.4,6.0,4.1,3.0,2.5,2.7,3.0,3.4,3.4,3.0,1.8,1.0,1.0,1.3,2.0,2.2,2.3,2.1,1.8,1.1,0.8,0.8,0.8,0.9,0.8,0.7,0.4,0.2,0.4,0.6,0.7,0.3,-0.1,-0.1,-0.1,-0.1,0.0,0.2,
1998,2,2,1998/02/02,,12.5,12.8,13.2,13.6,14.7,15.4,15.5,15.6,15.7,14.8,13.3,11.4,9.2,5.3,3.2,3.7,3.2,2.3,-0.1,-2.6,-3.1,-3.3,-2.9,-2.7,-2.5,-2.7,-3.0,-2.5,-2.1,-1.5,-0.9,-0.4,-0.1,0.3,0.3,0.2,-0.2,-0.4,-0.5,-1.0,-1.7,-2.1,-2.4,-2.4,-2.3,-2.3,-1.8,-1.3,
1998,2,3,1998/02/03,,20.9,21.5,22.1,22.6,22.8,22.7,21.4,18.9,15.0,11.9,9.0,6.9,5.2,4.4,3.5,2.7,1.9,1.2,1.0,1.0,1.6,1.6,0.8,0.3,0.2,-0.3,-0.9,-1.5,-1.9,-1.9,-2.1,-2.3,-2.7,-3.1,-3.5,-3.7,-3.2,-3.0,-3.0,-3.0,-3.2,-3.1,-2.8,-2.4,-2.4,-2.7,-2.8,-2.6,
1998,2,4,1998/02/04,,12.1,12.3,12.3,12.3,12.7,12.4,11.0,7.9,3.4,-0.5,-4.5,-4.3,-3.7,-2.1,-1.2,-1.3,-0.7,0.1,0.8,1.6,1.5,1.5,1.5,1.5,1.6,1.6,1.7,2.1,2.3,1.9,1.2,-0.1,-0.5,-0.5,-0.7,-0.9,-0.8,-0.8,-0.8,-0.6,-0.2,0.8,1.5,1.5,1.4,1.1,0.7,0.6,
1998,2,5,1998/02/05,,8.6,8.9,9.2,9.5,9.3,9.4,10.1,10.6,11.0,9.5,7.4,4.4,1.8,1.4,1.0,0.7,-0.3,-1.8,-2.8,-3.6,-5.1,-5.8,-5.0,-4.5,-4.1,-3.4,-2.8,-2.2,-1.7,-1.6,-1.3,-0.6,0.4,1.5,0.9,0.4,-0.2,-0.9,-1.7,-2.4,-3.1,-3.2,-3.2,-2.8,-2.4,-2.2,-2.2,-1.9,
1998,2,6,1998/02/06,,29.9,30.2,29.5,28.7,27.3,25.9,24.5,23.7,23.4,22.3,21.0,18.2,15.2,11.3,9.1,9.3,8.6,7.2,4.7,2.4,3.5,4.2,4.1,3.9,3.5,3.3,3.1,2.4,1.8,1.5,1.6,2.0,2.3,2.5,1.2,-0.2,-1.7,-2.5,-2.5,-3.0,-3.4,-3.1,-2.5,-1.6,-0.8,0.0,0.2,-0.3,
1998,2,7,1998/02/07,,10.0,10.8,11.0,11.3,11.7,11.4,9.5,6.8,3.5,1.8,0.7,1.3,1.9,2.4,2.0,0.1,-0.9,-1.3,-1.3,-1.3,-1.5,-1.7,-1.9,-2.2,-2.5,-3.0,-3.5,-3.8,-4.1,-4.2,-4.5,-5.0,-5.9,-6.8,-7.1,-7.1,-6.1,-5.3,-4.7,-4.4,-4.3,-4.1,-3.9,-3.8,-3.9,-4.3,-4.5,-5.1,
1998,2,8,1998/02/08,,-1.5,-0.9,0.0,1.2,4.2,7.2,10.8,10.5,6.9,2.7,-1.8,-3.3,-4.5,-4.1,-3.9,-4.2,-3.2,-1.4,-2.4,-3.3,-3.7,-3.9,-3.1,-3.1,-3.6,-3.0,-2.5,-1.9,-1.5,-1.5,-1.2,-0.5,-0.1,0.3,0.6,0.7,0.6,0.8,1.2,1.0,0.8,0.0,-0.4,0.2,0.6,0.6,0.8,1.4,
1998,2,9,1998/02/09,,16.5,17.7,19.3,21.2,25.0,29.2,34.8,38.0,39.6,36.3,31.2,24.3,17.6,12.0,8.4,8.0,7.7,7.3,6.0,4.7,2.9,2.0,2.3,2.2,2.1,2.3,2.8,3.8,4.2,3.6,3.0,2.3,2.1,2.0,2.3,2.4,1.9,1.2,0.3,-0.8,-1.9,-2.5,-3.0,-2.9,-2.4,-1.7,-1.1,-0.5,
1998,2,10,1998/02/10,,17.8,18.5,18.3,18.3,19.3,20.4,21.6,21.4,19.9,17.1,13.9,18.1,21.6,20.0,17.0,12.1,9.6,8.5,6.5,4.4,3.7,3.7,4.4,3.8,2.3,2.1,2.2,1.7,0.9,-0.4,-1.0,-1.0,-1.5,-2.1,-2.4,-2.7,-3.1,-3.3,-3.4,-3.1,-2.7,-3.1,-3.6,-3.6,-3.7,-3.7,-3.5,-4.2,
1998,2,11,1998/02/11,,8.0,8.3,7.9,7.7,8.2,8.4,8.5,9.0,9.6,7.1,3.6,0.1,-2.7,-1.4,-1.2,-3.0,-4.1,-4.9,-4.1,-3.0,-2.4,-2.1,-2.5,-3.4,-4.7,-4.4,-3.7,-2.8,-2.1,-1.6,-1.3,-1.2,-1.2,-1.2,-1.0,-0.7,-0.2,0.4,1.2,1.5,1.5,1.2,1.0,0.7,0.3,-0.4,-0.6,-0.9,
1998,2,12,1998/02/12,,19.2,19.6,20.1,20.5,20.4,20.3,20.4,21.0,22.0,22.2,22.0,16.4,10.2,4.8,1.3,0.5,0.8,1.6,2.5,2.9,1.7,0.5,-0.8,-0.5,0.7,1.5,2.2,2.6,3.2,4.1,4.4,3.8,3.4,3.2,2.6,2.0,1.6,1.0,0.4,-0.1,-0.6,-0.3,0.0,-0.5,-0.7,-0.7,-0.5,-1.2,
1998,2,13,1998/02/13,,26.6,26.8,27.1,27.5,27.7,28.0,28.3,29.0,30.3,32.2,34.2,29.8,26.3,27.9,27.0,22.5,18.4,15.1,15.0,14.8,12.1,9.6,7.5,6.6,6.3,6.1,6.0,5.6,5.4,5.4,5.4,5.4,5.0,4.4,3.5,2.5,1.9,1.5,1.3,0.8,0.3,-0.2,-0.8,-1.6,-1.9,-1.6,-1.0,-1.7,
1998,2,14,1998/02/14,,14.5,14.4,14.5,14.7,15.2,15.5,15.3,15.5,16.0,15.8,15.4,14.8,13.9,12.7,11.6,9.9,7.4,4.6,2.5,0.7,0.6,0.9,1.5,1.3,0.6,0.2,-0.1,-0.2,-0.3,-0.5,-0.6,-0.6,-0.5,-0.2,0.2,0.4,0.1,0.4,1.3,1.6,1.6,1.6,1.6,1.2,1.1,1.3,1.4,1.6,
1998,2,15,1998/02/15,,4.7,5.1,5.8,6.5,6.8,7.2,7.8,8.2,8.5,8.4,8.0,6.5,4.3,1.1,-0.9,-1.0,-0.3,0.4,0.3,-0.1,-1.2,-2.2,-3.0,-3.2,-3.1,-2.3,-1.2,-0.4,0.3,0.6,0.5,-0.2,-1.3,-2.3,-2.0,-1.6,-0.9,-0.2,0.5,0.5,0.3,0.5,0.7,1.0,0.9,0.6,-0.1,-0.2,
1998,2,16,1998/02/16,,8.2,8.3,8.4,8.6,9.0,9.2,9.2,9.9,11.4,14.4,17.5,15.3,13.1,11.7,9.8,7.0,5.2,3.8,4.9,6.2,6.2,5.4,3.3,2.1,1.2,2.3,3.4,3.6,3.6,3.1,2.7,2.3,2.1,2.0,1.5,0.8,0.2,-0.3,-0.9,-1.5,-2.2,-2.6,-2.9,-2.8,-2.3,-1.6,-1.1,-0.7,
1998,2,17,1998/02/17,,22.7,23.4,23.4,23.5,23.6,23.8,24.0,24.2,24.5,23.3,21.7,18.7,16.7,18.2,18.8,18.5,15.7,11.2,7.5,4.1,2.2,0.9,0.8,0.8,1.0,0.9,0.8,-0.5,-1.5,-1.8,-2.1,-2.4,-2.5,-2.5,-1.9,-1.6,-1.9,-2.3,-2.9,-2.6,-2.1,-1.9,-1.9,-2.4,-2.6,-2.5,-2.7,-3.1,
1998,2,18,1998/02/18,,28.0,28.3,28.3,28.3,28.0,27.8,27.9,27.4,26.3,24.4,22.2,15.8,9.9,6.8,4.3,2.8,1.8,1.1,0.9,0.9,0.8,0.4,-0.4,-1.1,-1.8,-1.6,-1.3,-0.5,0.2,0.4,0.5,0.5,0.3,-0.1,0.0,0.1,0.4,0.8,1.2,1.5,1.6,1.8,2.0,2.0,1.8,1.3,1.0,0.8,
1998,2,19,1998/02/19,,18.4,18.7,18.7,18.7,18.9,19.1,19.1,19.5,20.3,23.5,27.5,24.5,20.5,12.9,6.8,2.8,2.9,5.1,6.5,7.6,7.3,6.8,6.0,5.7,5.8,6.0,6.1,6.2,6.3,5.9,5.5,5.0,4.5,3.8,2.8,2.1,2.0,2.0,2.4,2.3,2.1,1.3,0.5,0.1,0.0,0.2,0.5,0.5,
1998,2,20,1998/02/20,,16.8,17.1,17.1,17.1,17.3,17.4,17.7,17.8,17.9,17.2,16.0,15.6,14.9,13.0,11.2,9.2,8.0,7.1,6.9,6.5,4.7,3.5,3.5,3.0,2.2,1.5,1.1,0.9,0.7,0.6,0.5,0.2,-0.5,-1.2,-0.8,-0.4,-0.2,-0.2,-0.3,-0.2,0.0,-0.5,-0.9,-0.9,-0.8,-0.6,-0.4,-0.2,
1998,2,21,1998/02/21,,28.2,28.4,28.5,28.7,28.9,29.0,28.6,28.3,28.3,25.9,22.7,15.9,10.4,10.7,12.5,16.4,15.7,12.3,8.0,3.9,1.9,0.2,-0.9,-1.6,-2.0,-2.2,-2.4,-2.1,-1.7,-1.3,-0.9,-0.5,-0.1,0.1,0.0,0.0,0.4,0.5,0.2,0.0,-0.2,0.3,0.6,0.2,0.2,0.5,0.1,0.2,
1998,2,22,1998/02/22,,16.1,16.2,16.3,16.5,16.9,17.0,17.0,16.7,16.2,17.0,18.0,17.5,15.9,11.4,7.9,5.8,4.7,4.2,4.8,5.7,7.0,7.6,6.7,6.2,6.2,6.7,7.2,7.2,7.0,5.9,5.1,4.6,4.2,3.8,3.6,3.2,2.4,1.6,0.7,0.7,0.9,0.8,0.7,1.0,1.1,1.0,1.1,1.2,
1998,2,23,1998/02/23,,22.9,23.3,23.4,23.4,23.2,23.2,23.3,23.5,23.7,24.6,25.8,26.7,26.8,24.1,19.9,14.1,11.7,10.9,11.1,11.4,11.0,10.0,7.8,6.3,5.3,4.8,4.6,4.3,3.8,3.1,2.5,1.7,0.9,-0.1,-0.6,-1.0,-0.8,-0.4,0.2,0.4,0.6,1.0,1.2,1.3,1.5,1.6,1.7,1.0,
1998,2,24,1998/02/24,,32.4,33.3,33.6,33.8,33.6,33.3,33.2,33.0,32.7,32.0,31.0,24.2,17.2,9.8,6.0,7.1,8.6,10.7,9.6,8.1,5.7,3.9,3.1,2.1,1.2,0.0,-1.2,-2.1,-2.5,-1.8,-1.1,-0.2,0.3,0.7,1.1,1.5,1.8,1.8,1.7,1.5,1.5,0.8,0.1,0.2,0.1,0.0,-0.3,-0.4,
1998,2,25,1998/02/25,,17.8,18.1,17.9,17.7,17.8,17.9,18.1,18.5,19.3,20.3,21.2,20.3,18.4,14.1,10.7,8.3,5.5,2.5,1.2,0.5,0.9,1.2,1.7,1.9,1.9,2.4,3.0,2.5,2.0,1.5,1.1,0.7,0.9,1.2,0.8,0.2,-0.6,-1.3,-1.9,-1.5,-1.0,-0.9,-0.8,-0.5,0.0,0.5,0.3,-0.6,
1998,2,26,1998/02/26,,13.6,13.8,14.4,14.8,14.5,14.5,15.1,15.6,16.0,17.1,18.4,20.9,23.3,24.5,23.4,19.1,14.4,9.8,9.7,10.0,11.3,12.0,12.1,11.6,10.5,9.7,9.0,8.2,7.5,7.3,6.9,6.3,5.6,5.1,4.6,4.0,3.4,3.2,3.2,3.0,2.7,2.8,3.0,2.8,2.9,3.5,3.5,3.5,
1998,2,27,1998/02/27,,22.6,23.4,24.1,24.8,25.3,25.9,26.6,27.6,28.9,27.5,25.5,18.7,12.4,8.6,5.9,5.8,4.1,1.5,0.1,-1.2,-2.6,-3.6,-3.5,-3.4,-3.1,-3.1,-3.2,-3.1,-3.1,-3.1,-2.9,-2.5,-2.5,-2.7,-2.4,-2.0,-1.2,-0.8,-0.7,-0.9,-1.1,-1.6,-2.1,-2.6,-2.7,-2.6,-2.4,-3.2,
1998,2,28,1998/02/28,,12.8,13.2,13.3,13.5,14.0,14.4,14.6,15.0,15.8,16.0,16.2,15.4,13.9,9.6,6.4,5.0,4.9,5.8,4.7,2.9,1.0,-0.2,-0.3,-0.4,-0.7,-0.8,-0.7,-0.1,0.2,-0.3,-0.7,-0.9,-0.9,-1.0,-1.4,-1.9,-2.3,-2.6,-2.5,-2.7,-3.0,-2.6,-2.3,-2.9,-3.3,-3.4,-3.1,-3.6,
1998,3,1,1998/03/01,,-3.3,-3.2,-2.9,-2.6,-1.9,-1.4,-1.1,-0.6,0.0,2.3,5.2,9.2,12.2,10.8,8.7,6.1,3.8,1.9,0.8,0.0,0.5,1.5,2.9,3.7,4.3,4.6,4.7,3.7,2.8,2.2,1.9,2.0,2.0,2.1,2.3,2.4,2.2,2.0,1.6,1.4,1.3,1.3,1.3,0.9,0.6,0.4,0.1,-3.0,
1998,3,2,1998/03/02,,13.4,13.7,14.0,14.4,14.3,14.2,14.0,13.8,13.7,14.3,15.2,16.2,17.0,16.1,15.0,13.6,12.6,11.6,10.1,9.4,8.7,7.9,7.3,6.4,5.8,4.9,3.6,1.8,0.2,-0.4,-0.8,-0.9,-0.9,-0.7,-1.0,-1.3,-1.4,-1.5,-1.2,-1.1,-1.2,-1.6,-1.8,-1.9,-2.1,-2.1,-2.1,-2.7,
1998,3,3,1998/03/03,,6.1,6.7,6.8,7.0,7.6,7.9,8.0,8.2,8.3,8.6,8.9,6.3,3.2,0.5,-0.9,-0.3,-0.3,-0.7,-1.1,-1.7,-3.5,-5.0,-5.5,-5.7,-5.6,-5.4,-5.1,-4.7,-4.4,-4.3,-4.6,-5.1,-4.7,-4.1,-3.9,-3.6,-2.9,-2.7,-3.2,-3.2,-3.2,-3.0,-2.8,-2.9,-3.1,-3.1,-3.0,-2.8,
1998,3,4,1998/03/04,,1.7,2.4,2.5,2.7,3.1,3.6,3.9,4.4,5.0,6.5,8.4,9.3,9.6,8.2,6.6,5.2,3.6,1.5,-0.4,-2.0,-2.5,-2.7,-2.2,-1.9,-1.8,-0.7,0.5,0.8,0.9,0.0,-0.3,-0.2,-0.1,0.0,-0.2,-0.4,-0.5,-0.6,-0.7,-0.6,-0.4,-0.2,-0.1,-0.6,-0.8,-0.8,-0.8,-1.0,
1998,3,5,1998/03/05,,13.3,13.8,13.9,13.9,14.0,14.1,14.5,14.7,14.8,14.8,14.8,14.7,14.3,12.8,10.8,8.3,6.4,4.9,4.1,3.7,3.9,3.9,3.7,4.1,4.9,4.0,2.5,0.7,-0.8,-1.0,-1.2,-1.3,-1.7,-2.2,-1.8,-1.4,-1.4,-1.5,-1.7,-1.7,-1.5,-1.7,-2.0,-2.8,-3.1,-2.7,-2.4,-2.8,
1998,3,6,1998/03/06,,6.6,7.2,7.2,7.2,7.5,7.5,7.1,6.9,6.9,6.5,6.1,5.3,4.5,3.1,1.9,1.0,0.8,0.8,0.7,0.6,-0.5,-1.8,-3.0,-3.7,-4.2,-5.4,-6.7,-6.9,-6.8,-6.6,-6.4,-6.3,-6.4,-6.5,-6.6,-6.6,-6.8,-6.9,-6.8,-7.0,-7.3,-6.7,-6.1,-5.9,-5.6,-5.4,-5.4,-5.2,
1998,3,7,1998/03/07,,2.3,2.8,3.2,3.6,3.7,4.0,4.7,5.5,6.4,8.0,9.6,11.3,12.5,12.3,12.2,12.3,10.8,8.4,6.6,4.9,3.1,1.7,0.9,0.7,0.8,1.6,2.7,3.5,4.2,4.4,4.7,5.1,5.2,5.1,4.8,4.7,4.7,4.4,3.6,3.5,3.5,3.6,3.8,4.2,4.5,4.8,5.0,5.1,
1998,3,8,1998/03/08,,3.5,3.8,4.1,4.3,4.8,5.2,5.3,5.6,6.0,5.9,5.6,4.1,2.6,1.2,-0.1,-0.8,-1.7,-2.6,-3.8,-5.1,-4.6,-3.9,-3.2,-2.8,-2.4,-2.5,-2.6,-3.7,-4.5,-4.7,-5.0,-5.4,-5.4,-5.3,-5.1,-4.9,-5.4,-5.7,-5.9,-6.5,-7.2,-7.7,-8.3,-8.5,-8.5,-7.9,-7.1,-6.3,
1998,3,9,1998/03/09,,-3.2,-2.9,-2.7,-2.5,-2.0,-1.7,-1.8,-1.6,-1.0,-0.4,0.2,1.8,3.1,3.2,2.9,2.1,1.7,1.7,1.6,1.6,3.1,4.0,3.6,3.5,3.6,2.3,0.8,-0.3,-1.3,-2.1,-2.5,-2.3,-2.6,-2.8,-3.5,-4.2,-4.3,-4.5,-4.9,-5.3,-5.6,-5.5,-5.5,-5.5,-5.4,-5.3,-4.8,-5.2,
1998,3,10,1998/03/10,,6.6,7.1,7.6,8.2,8.7,9.0,9.0,9.0,9.1,9.4,9.9,9.0,8.1,7.0,6.1,5.4,3.3,0.3,-1.2,-2.6,-3.3,-4.0,-4.6,-5.4,-6.4,-6.1,-5.5,-4.3,-3.2,-2.0,-1.9,-2.7,-2.5,-1.9,-1.0,-0.7,-1.7,-2.6,-3.6,-3.9,-3.9,-3.7,-3.6,-3.5,-3.8,-4.5,-5.1,-4.9,
1998,3,11,1998/03/11,,-5.6,-5.2,-4.7,-4.2,-4.1,-3.9,-3.3,-3.2,-3.5,-3.3,-3.0,-2.9,-2.9,-3.0,-3.4,-4.3,-4.2,-3.6,-3.9,-4.5,-5.2,-5.6,-5.0,-4.3,-3.6,-3.0,-2.4,-1.9,-1.5,-1.5,-1.7,-2.3,-3.2,-4.1,-3.9,-3.7,-3.6,-3.6,-3.8,-3.4,-2.8,-2.3,-2.1,-2.5,-2.8,-3.0,-2.9,-2.8,
1998,3,12,1998/03/12,,-0.9,-0.8,-0.2,0.4,0.5,0.5,0.8,1.3,2.0,2.7,3.4,4.5,5.1,4.3,3.3,2.3,3.3,5.2,4.9,3.9,0.7,-1.3,-1.0,0.1,1.6,2.3,2.5,1.3,0.0,-1.7,-2.5,-2.7,-2.9,-3.1,-3.9,-4.6,-5.0,-5.2,-4.8,-4.1,-3.3,-3.3,-3.4,-3.9,-4.2,-4.2,-4.2,-4.4,
1998,3,13,1998/03/13,,7.0,7.8,8.0,8.0,8.1,8.3,8.7,9.0,9.1,9.3,9.7,10.5,11.3,12.0,11.9,10.8,8.5,5.5,4.4,3.3,4.2,4.8,5.2,5.2,4.8,3.7,2.3,1.1,0.1,-0.2,-0.3,-0.2,-0.7,-1.3,-0.9,-0.3,0.1,0.0,-0.6,-1.2,-1.9,-2.2,-2.6,-3.8,-4.6,-5.2,-5.4,-5.6,
1998,3,14,1998/03/14,,-4.4,-3.9,-3.2,-2.5,-2.5,-2.3,-1.7,-1.6,-1.7,-1.4,-0.9,-0.8,-0.8,-1.9,-3.0,-4.2,-5.6,-7.2,-6.9,-6.2,-6.5,-7.2,-8.8,-10.1,-11.2,-11.7,-12.0,-10.7,-9.6,-8.8,-8.0,-7.2,-6.6,-6.0,-6.2,-6.3,-6.4,-6.6,-7.0,-7.0,-6.9,-6.6,-6.1,-5.6,-5.4,-5.5,-5.7,-6.4,
1998,3,15,1998/03/15,,-3.0,-2.6,-2.4,-2.2,-1.6,-1.1,-0.9,-0.7,-0.5,-0.4,-0.3,-0.7,-1.3,-1.7,-1.9,-1.7,-1.0,0.0,-1.2,-2.7,-4.2,-5.1,-5.1,-4.2,-2.7,-2.0,-1.4,-1.5,-1.6,-1.6,-1.8,-2.2,-3.0,-3.8,-4.4,-4.9,-4.9,-4.8,-4.3,-3.6,-3.0,-2.2,-1.3,-1.0,-0.9,-1.3,-1.6,-1.9,
1998,3,16,1998/03/16,,-6.1,-5.7,-5.5,-5.2,-5.1,-4.9,-4.4,-4.0,-3.6,-3.1,-2.5,0.6,3.6,5.7,7.2,7.8,9.8,12.4,13.2,13.2,10.1,8.2,8.9,10.0,11.4,10.4,8.7,7.0,5.6,4.8,4.1,3.7,2.8,1.8,1.1,0.6,0.6,0.6,0.4,0.2,-0.1,-0.4,-0.7,-1.4,-1.8,-1.9,-2.0,-1.3,
1998,3,17,1998/03/17,,3.3,3.8,4.1,4.4,4.4,4.4,4.7,4.6,4.4,4.4,4.4,5.6,6.9,8.3,9.2,8.8,5.6,1.2,-2.3,-5.5,-4.5,-3.8,-3.4,-4.0,-5.5,-6.2,-6.9,-7.8,-8.3,-8.0,-7.5,-6.6,-6.6,-6.8,-5.7,-4.7,-4.1,-4.1,-4.6,-5.2,-5.9,-6.4,-6.9,-7.1,-7.1,-6.7,-6.4,-6.0,
1998,3,18,1998/03/18,,3.0,2.7,2.7,2.7,2.6,2.5,2.6,2.6,2.6,2.7,2.9,2.4,1.4,-2.0,-4.1,-3.9,-3.2,-2.0,-1.5,-1.4,-1.8,-2.8,-5.2,-6.6,-7.5,-6.9,-6.1,-5.5,-4.8,-3.9,-3.4,-3.3,-3.5,-3.7,-3.7,-3.7,-3.7,-3.9,-4.2,-4.0,-3.8,-3.2,-2.7,-2.3,-2.1,-2.1,-2.0,-1.9,
1998,3,19,1998/03/19,,-7.9,-7.9,-8.0,-8.0,-8.3,-8.5,-8.8,-8.8,-8.8,-8.6,-8.5,-7.4,-6.2,-3.6,-1.5,0.1,2.6,5.5,5.3,4.4,0.8,-1.6,-1.4,-0.6,0.7,1.0,1.2,1.3,1.5,1.9,2.2,2.5,1.7,0.7,-0.7,-1.9,-2.2,-2.1,-1.8,-1.6,-1.5,-1.9,-2.4,-3.1,-3.7,-4.0,-3.9,-3.7,
1998,3,20,1998/03/20,,3.5,4.0,4.3,4.5,4.7,5.0,5.1,5.5,5.9,6.6,7.4,10.3,13.2,16.4,17.3,15.4,13.6,11.9,10.7,9.9,9.5,9.8,11.8,12.2,11.6,9.2,6.4,4.6,3.5,3.7,3.6,3.4,2.9,2.2,2.0,1.9,2.1,2.1,1.9,1.1,0.0,-0.3,-0.6,-1.0,-1.4,-1.6,-1.6,-1.6,
1998,3,21,1998/03/21,,6.1,6.1,6.1,6.1,6.1,6.1,6.0,5.9,5.9,6.0,6.0,5.5,4.2,0.4,-3.4,-7.6,-9.6,-10.4,-11.6,-12.7,-13.3,-13.8,-13.8,-14.2,-15.0,-15.1,-15.0,-13.8,-12.7,-12.0,-11.5,-11.1,-10.5,-9.8,-9.4,-9.0,-8.7,-8.5,-8.4,-8.3,-8.2,-7.4,-6.7,-6.3,-6.2,-6.3,-6.4,-5.9,
1998,3,22,1998/03/22,,-7.1,-6.7,-6.4,-6.1,-6.0,-6.0,-6.1,-5.9,-5.4,-5.2,-5.0,-3.9,-2.5,-1.2,0.0,0.8,1.6,2.6,1.5,0.1,-2.2,-3.2,-1.5,0.0,1.4,1.5,1.1,1.8,2.4,2.7,2.4,1.6,0.6,-0.4,-0.6,-0.7,-1.1,-1.0,-0.4,0.2,0.8,0.8,0.7,-0.1,-0.7,-1.1,-1.1,-0.7,
1998,3,23,1998/03/23,,3.7,3.8,4.4,5.0,5.3,5.7,6.2,6.4,6.4,6.5,6.7,7.8,9.3,12.5,14.1,13.5,12.6,11.5,11.7,11.9,9.8,9.1,10.9,12.2,13.1,10.8,8.0,6.8,5.7,5.1,4.7,4.5,3.4,2.1,1.4,0.9,1.2,1.3,1.2,1.0,0.7,0.2,-0.4,-1.3,-2.2,-3.0,-3.0,-2.6,
1998,3,24,1998/03/24,,-1.9,-2.1,-1.6,-1.2,-1.1,-1.1,-1.3,-1.9,-2.7,-3.5,-4.3,-3.4,-2.4,-1.3,-1.5,-3.4,-4.8,-5.8,-6.5,-6.9,-6.5,-6.0,-5.5,-6.6,-8.5,-9.7,-10.5,-9.6,-8.8,-7.8,-6.8,-5.9,-5.5,-5.3,-5.3,-5.3,-5.4,-5.6,-5.9,-5.8,-5.7,-5.2,-4.6,-3.8,-3.6,-4.0,-4.2,-4.7,
1998,3,25,1998/03/25,,-13.9,-13.4,-13.5,-13.7,-13.5,-13.3,-13.2,-12.9,-12.6,-12.8,-13.3,-13.3,-13.3,-12.5,-11.8,-11.2,-11.3,-12.1,-12.8,-13.4,-13.7,-13.9,-13.9,-12.6,-10.5,-9.0,-7.6,-7.4,-7.2,-7.3,-7.0,-6.3,-6.0,-5.8,-5.8,-5.8,-5.5,-5.4,-5.3,-5.2,-5.2,-4.8,-4.4,-3.5,-3.0,-3.1,-3.0,-3.3,
1998,3,26,1998/03/26,,-15.6,-15.3,-14.7,-14.2,-13.9,-13.5,-12.9,-12.4,-12.1,-11.4,-10.6,-6.7,-2.2,4.5,9.3,11.2,11.4,10.8,10.6,10.6,11.2,11.4,11.4,10.7,9.4,8.0,6.5,5.5,4.6,4.2,3.9,3.9,4.0,4.0,3.7,3.4,3.1,2.7,2.1,1.5,0.7,0.2,-0.1,-0.5,-1.1,-1.6,-2.3,-2.1,
1998,3,27,1998/03/27,,-12.8,-11.7,-11.3,-11.1,-10.9,-10.4,-9.7,-9.2,-8.8,-8.4,-7.8,-5.0,-0.8,7.2,11.2,9.9,7.3,4.1,4.1,4.3,3.9,3.7,3.8,2.7,0.8,0.1,-0.4,0.1,0.4,0.0,-0.2,-0.3,-0.5,-0.7,-0.9,-1.2,-1.8,-2.2,-2.6,-2.8,-2.8,-3.1,-3.3,-3.2,-3.1,-3.2,-3.3,-2.9,
1998,3,28,1998/03/28,,-8.8,-8.6,-8.1,-7.6,-7.7,-7.6,-7.0,-6.6,-6.3,-6.2,-6.2,-6.6,-7.1,-7.9,-9.0,-10.6,-12.1,-13.6,-13.7,-13.5,-13.6,-13.5,-13.3,-11.6,-9.2,-8.0,-7.0,-6.1,-5.2,-4.3,-4.1,-4.3,-4.8,-5.3,-4.2,-3.2,-2.2,-1.4,-1.0,-1.0,-0.9,-1.2,-1.4,-0.6,0.0,0.5,1.2,1.7,
1998,3,29,1998/03/29,,-6.8,-6.6,-6.0,-5.5,-5.7,-5.8,-5.5,-5.3,-5.2,-4.9,-4.5,-3.1,-1.7,1.3,3.4,4.5,4.8,4.4,3.0,1.4,-0.2,-1.3,-1.3,-0.8,0.1,1.0,1.7,2.1,2.4,2.2,2.4,2.8,2.6,2.0,1.7,1.7,2.2,2.8,3.3,2.7,1.9,1.4,0.9,0.1,-0.5,-1.0,-1.4,-0.9,
1998,3,30,1998/03/30,,-7.7,-7.1,-6.9,-6.8,-6.5,-6.2,-5.9,-5.8,-5.9,-6.0,-6.2,-3.8,-0.6,5.2,8.8,9.6,9.5,8.6,8.2,8.2,8.3,8.3,8.5,7.9,6.8,5.5,4.1,3.4,2.6,1.4,0.5,0.0,-0.4,-0.6,-0.3,-0.5,-1.9,-3.0,-4.0,-4.6,-5.1,-4.5,-3.9,-4.1,-4.4,-4.7,-5.2,-5.8,
1998,3,31,1998/03/31,,-12.8,-12.7,-12.5,-12.4,-12.2,-11.9,-11.3,-11.1,-11.3,-11.1,-10.7,-8.0,-5.8,-6.1,-6.6,-7.6,-8.0,-8.0,-8.2,-8.7,-9.1,-9.4,-9.7,-9.5,-9.0,-8.0,-6.9,-6.2,-5.7,-5.6,-5.5,-5.4,-5.5,-5.5,-5.2,-4.9,-4.9,-4.9,-4.7,-4.0,-3.0,-2.2,-1.3,-0.8,-0.3,0.2,0.8,1.0,
1998,4,1,1998/04/01,,-16.6,-16.0,-15.8,-15.6,-15.7,-15.7,-15.2,-15.2,-15.3,-15.3,-15.2,-13.6,-11.2,-6.9,-3.8,-2.4,-2.1,-2.3,-2.9,-3.6,-4.5,-4.8,-4.0,-3.4,-2.7,-1.7,-0.6,0.1,0.6,1.0,1.7,2.6,3.2,3.4,3.6,3.9,4.9,5.3,5.0,4.2,3.3,2.4,1.6,1.1,0.7,0.4,0.3,2.0,
1998,4,2,1998/04/02,,-6.5,-6.0,-5.9,-5.8,-5.6,-5.3,-5.2,-5.1,-4.9,-4.6,-4.2,-3.3,-2.1,-0.1,1.9,4.0,4.1,2.7,1.9,1.6,3.0,3.9,4.5,3.6,1.5,0.9,0.5,-0.4,-1.2,-2.0,-2.7,-3.5,-3.6,-3.5,-3.6,-3.9,-4.8,-5.4,-5.7,-5.3,-4.7,-4.5,-4.5,-4.8,-5.0,-5.2,-5.6,-6.5,
1998,4,3,1998/04/03,,-5.4,-5.6,-4.7,-3.7,-3.5,-3.2,-3.0,-3.0,-2.9,-2.5,-1.9,-0.4,1.3,3.1,3.4,1.8,0.3,-1.2,-2.0,-2.4,-1.7,-1.1,-1.0,-1.8,-3.0,-3.3,-3.4,-3.1,-2.9,-3.0,-3.4,-4.0,-4.3,-4.4,-4.9,-5.6,-6.5,-7.2,-7.4,-7.1,-6.6,-5.7,-4.8,-3.7,-3.1,-2.9,-2.9,-2.5,
1998,4,4,1998/04/04,,-15.0,-14.0,-13.4,-12.8,-12.9,-12.7,-12.2,-11.7,-11.3,-10.7,-10.1,-9.6,-9.1,-8.4,-7.1,-5.0,-4.1,-4.0,-4.8,-5.9,-7.8,-9.0,-9.3,-8.5,-6.9,-6.2,-5.7,-5.2,-4.4,-3.1,-2.1,-1.3,-0.1,1.1,1.4,1.6,1.4,1.3,1.3,1.6,2.0,2.4,2.7,2.6,2.2,1.3,0.8,0.3,
1998,4,5,1998/04/05,,-16.5,-15.8,-15.1,-14.4,-14.0,-13.5,-12.9,-12.4,-11.9,-11.7,-11.5,-9.9,-8.0,-5.7,-4.1,-3.4,-3.5,-3.8,-4.3,-4.6,-3.2,-1.7,-0.3,0.0,-0.6,-1.3,-2.1,-2.5,-2.8,-3.3,-3.5,-3.5,-3.2,-2.7,-2.1,-1.6,-1.5,-1.6,-2.2,-2.8,-3.5,-4.2,-5.0,-5.7,-6.3,-7.0,-7.6,-8.3,
1998,4,6,1998/04/06,,-18.4,-17.2,-16.9,-16.5,-16.2,-15.8,-15.5,-15.3,-14.9,-14.2,-13.3,-9.9,-6.0,-1.9,0.4,-0.1,-0.1,0.2,0.3,0.5,1.8,2.7,2.1,0.9,-0.9,-2.3,-3.7,-3.9,-4.1,-4.8,-5.3,-5.6,-6.6,-7.8,-8.4,-8.9,-8.7,-8.8,-9.4,-9.5,-9.4,-8.8,-8.1,-7.7,-7.4,-7.0,-6.4,-6.8,
1998,4,7,1998/04/07,,-21.9,-21.3,-20.8,-20.4,-20.1,-19.8,-19.5,-19.5,-19.5,-18.9,-18.0,-14.7,-11.0,-6.6,-3.5,-1.8,-1.0,-0.6,-1.3,-2.3,-4.9,-7.0,-8.2,-7.4,-5.5,-4.4,-3.6,-2.9,-2.2,-1.3,-0.4,0.5,0.6,0.4,-0.3,-1.1,-2.2,-2.6,-2.4,-1.9,-1.3,-0.6,0.1,0.6,1.0,1.0,1.0,1.2,
1998,4,8,1998/04/08,,-12.8,-14.3,-15.1,-15.5,-15.2,-15.1,-15.2,-15.2,-15.1,-15.1,-15.2,-14.6,-13.6,-11.6,-9.4,-7.2,-6.3,-6.0,-6.7,-7.6,-8.2,-7.9,-5.9,-4.1,-2.6,-2.3,-2.1,-2.1,-2.1,-1.9,-1.7,-1.5,-1.4,-1.3,-0.8,-0.5,-0.4,-0.7,-1.4,-2.1,-2.8,-3.7,-4.7,-5.6,-6.1,-6.1,-5.5,-4.7,
1998,4,9,1998/04/09,,4.0,0.7,-1.8,-4.0,-5.6,-7.1,-8.4,-9.3,-9.7,-9.7,-9.5,-8.5,-7.1,-4.4,-2.0,-0.1,0.6,0.8,0.8,1.2,2.5,3.3,2.6,0.7,-1.6,-3.7,-5.5,-5.9,-6.1,-6.1,-6.1,-6.4,-7.1,-7.8,-7.3,-6.8,-6.6,-6.5,-6.7,-7.0,-7.4,-8.2,-8.9,-9.4,-9.4,-8.8,-8.1,-7.5,
1998,4,10,1998/04/10,,-1.4,-5.1,-6.6,-8.2,-9.5,-10.5,-10.9,-11.3,-11.6,-11.3,-10.7,-8.7,-6.8,-5.1,-4.2,-4.3,-4.3,-4.2,-4.3,-4.7,-6.8,-8.6,-10.2,-10.4,-9.9,-8.8,-7.5,-6.1,-5.1,-5.3,-5.4,-5.4,-5.7,-6.1,-6.9,-7.7,-8.0,-7.6,-6.6,-6.3,-6.3,-6.3,-6.3,-6.1,-5.9,-5.8,-5.4,-6.2,
1998,4,11,1998/04/11,,-1.2,-1.4,-1.7,-2.0,-2.6,-3.1,-3.5,-4.1,-4.6,-4.7,-4.6,-4.8,-4.6,-3.5,-2.4,-1.1,-0.3,0.1,-1.6,-3.5,-5.3,-5.6,-3.4,-0.7,2.4,3.4,4.0,4.0,4.1,4.8,5.2,5.3,5.1,4.9,3.9,3.3,3.6,3.9,4.1,3.9,3.5,3.5,3.5,3.6,3.8,4.0,4.3,4.7,
1998,4,12,1998/04/12,,-1.8,-0.8,0.2,1.1,1.3,1.3,0.9,0.6,0.3,-0.2,-0.6,-0.8,-1.0,-0.9,-0.5,0.5,0.7,0.1,-0.4,-1.0,-1.7,-1.9,-0.6,-0.2,-0.4,-2.6,-5.6,-6.8,-7.8,-8.1,-8.5,-8.9,-8.7,-8.2,-7.7,-7.4,-7.5,-7.8,-8.4,-9.0,-9.6,-9.6,-9.5,-9.4,-9.4,-9.3,-9.3,-9.3,
1998,4,13,1998/04/13,,-10.9,-10.0,-9.6,-9.3,-9.3,-9.2,-8.8,-8.3,-7.8,-6.3,-4.4,-0.6,2.5,2.6,1.4,-1.5,-3.5,-5.1,-4.3,-3.2,-1.9,-1.4,-2.6,-3.8,-5.4,-5.4,-5.0,-3.9,-3.2,-3.9,-5.0,-6.3,-7.6,-8.7,-8.7,-8.5,-8.2,-7.8,-7.2,-6.9,-6.9,-7.3,-7.6,-7.9,-7.8,-7.5,-7.1,-7.5,
1998,4,14,1998/04/14,,3.6,2.1,1.2,0.4,0.6,0.6,0.1,-0.4,-0.9,-0.8,-0.5,0.3,0.6,-1.6,-2.9,-1.7,-0.1,1.8,0.5,-1.8,-6.1,-9.4,-10.1,-8.9,-5.7,-3.5,-1.5,-0.7,0.0,0.5,0.8,0.9,1.1,1.1,0.0,-1.1,-1.7,-1.9,-1.5,-1.2,-0.9,-0.4,0.2,-0.2,-0.4,-0.4,-0.4,-0.3,
1998,4,15,1998/04/15,,-2.0,-4.8,-5.7,-6.1,-6.8,-7.5,-8.1,-8.7,-9.4,-10.5,-11.9,-14.1,-16.3,-13.7,-11.0,-7.8,-6.7,-7.4,-7.5,-7.4,-7.1,-6.3,-3.3,-1.7,-1.4,-2.9,-5.1,-5.8,-6.4,-5.8,-5.3,-5.2,-4.8,-4.3,-3.9,-3.6,-4.0,-4.7,-5.5,-5.9,-6.2,-6.1,-6.1,-6.0,-6.1,-6.6,-7.0,-7.0,
1998,4,16,1998/04/16,,-8.3,-5.1,-3.5,-2.1,-1.2,-0.6,-0.5,-0.6,-0.9,0.0,1.4,4.0,6.7,7.4,5.9,2.0,-0.5,-2.1,-1.3,-0.2,2.1,3.8,3.3,0.6,-3.3,-5.4,-6.6,-6.0,-5.4,-5.1,-5.4,-6.3,-7.5,-8.8,-9.4,-9.9,-9.9,-9.8,-9.6,-9.4,-9.2,-9.0,-9.0,-9.3,-9.7,-10.1,-9.9,-9.8,
1998,4,17,1998/04/17,,-4.0,-4.8,-4.5,-3.9,-2.8,-1.9,-1.4,-0.7,0.3,1.0,1.7,0.8,-0.8,-1.1,-0.8,0.6,0.7,-0.5,-1.7,-2.9,-5.0,-6.9,-7.8,-8.5,-9.1,-8.5,-7.3,-6.4,-5.9,-5.7,-5.8,-6.0,-6.1,-6.3,-6.7,-6.9,-7.2,-6.9,-5.8,-5.2,-4.9,-4.6,-4.3,-4.9,-5.3,-5.6,-6.1,-7.0,
1998,4,18,1998/04/18,,-2.8,-4.9,-5.8,-6.6,-6.6,-6.6,-6.3,-6.5,-7.3,-10.0,-13.7,-17.3,-20.2,-17.7,-15.6,-14.4,-13.7,-13.2,-12.4,-11.6,-10.0,-8.1,-5.4,-4.1,-4.4,-5.9,-8.0,-9.0,-9.5,-7.5,-5.8,-4.9,-4.5,-4.6,-5.3,-5.8,-6.3,-6.8,-7.1,-7.4,-7.7,-7.2,-6.8,-6.3,-5.9,-5.9,-6.3,-6.9,
1998,4,19,1998/04/19,,-4.5,-6.5,-7.4,-8.0,-8.9,-9.6,-9.9,-10.1,-10.4,-10.5,-10.5,-7.9,-5.2,-4.2,-3.8,-4.7,-6.1,-8.0,-8.6,-8.7,-6.7,-5.4,-6.3,-7.0,-7.6,-8.4,-9.2,-10.0,-10.7,-11.0,-11.3,-11.8,-12.1,-12.4,-12.4,-12.4,-11.7,-11.1,-10.6,-10.5,-10.6,-10.5,-10.5,-10.9,-11.3,-11.5,-11.1,-10.3,
1998,4,20,1998/04/20,,4.0,4.2,3.0,1.6,-0.1,-1.5,-2.4,-3.5,-4.6,-3.4,-0.9,1.5,3.1,1.1,-0.6,-1.5,-2.4,-3.2,-3.7,-3.9,-5.9,-7.7,-8.3,-7.8,-6.5,-6.3,-6.4,-6.9,-7.7,-8.8,-9.2,-8.8,-8.6,-8.4,-8.4,-8.4,-8.5,-8.7,-9.0,-9.0,-8.7,-8.4,-8.2,-7.7,-7.3,-7.2,-7.2,-7.3,
1998,4,21,1998/04/21,,-0.7,-0.7,-0.9,-1.5,-2.3,-3.3,-5.3,-7.2,-8.9,-9.1,-8.7,-7.4,-6.1,-5.5,-5.4,-6.8,-8.0,-9.0,-8.4,-7.3,-7.1,-6.9,-7.3,-7.0,-5.9,-5.0,-4.1,-3.8,-3.7,-4.3,-4.9,-5.4,-5.3,-4.8,-4.4,-4.2,-4.4,-4.5,-4.4,-4.1,-3.7,-4.3,-4.9,-5.4,-5.9,-6.0,-5.8,-5.6,
1998,4,22,1998/04/22,,-3.4,-7.0,-8.9,-9.7,-9.2,-8.7,-8.4,-8.4,-8.6,-8.6,-8.9,-8.4,-7.3,-6.1,-5.5,-7.1,-8.4,-9.7,-10.4,-10.5,-10.3,-9.8,-9.9,-10.0,-10.0,-10.1,-10.2,-10.9,-11.5,-12.1,-12.7,-13.0,-12.9,-12.3,-12.7,-13.1,-13.7,-14.4,-14.8,-14.8,-14.5,-14.3,-14.0,-13.6,-13.1,-12.7,-12.2,-11.7,
1998,4,23,1998/04/23,,-7.3,-10.0,-9.5,-8.7,-9.2,-10.0,-11.1,-11.5,-11.2,-8.1,-3.8,-2.9,-2.6,-4.4,-5.2,-4.6,-4.6,-5.0,-6.1,-7.2,-8.2,-8.7,-8.1,-7.3,-6.3,-6.7,-7.7,-8.8,-9.4,-8.7,-7.7,-6.2,-6.2,-6.8,-8.4,-9.8,-10.2,-10.2,-9.8,-9.5,-9.2,-9.0,-8.7,-8.0,-7.4,-7.1,-7.5,-8.3,
